Date,Tube.ID,Tank.ID,Treatment,Number.animals,Purpose,Location,Notes
20190724,1,H1_T1,Elevated,1,molecular,Putnam Lab URI -80C,pre-experiment heath stack rearing
20190724,2,H1_T1,Elevated,1,molecular,Putnam Lab URI -80C,pre-experiment heath stack rearing
20190724,3,H1_T1,Elevated,1,molecular,Putnam Lab URI -80C,pre-experiment heath stack rearing
20190724,4,H1_T1,Elevated,3,cellular,Putnam Lab URI -80C,pre-experiment heath stack rearing
20190724,5,H1_T2,Ambient,1,molecular,Putnam Lab URI -80C,pre-experiment heath stack rearing
20190724,6,H1_T2,Ambient,1,molecular,Putnam Lab URI -80C,pre-experiment heath stack rearing
20190724,7,H1_T2,Ambient,1,molecular,Putnam Lab URI -80C,pre-experiment heath stack rearing
20190724,8,H1_T2,Ambient,3,cellular,Putnam Lab URI -80C,pre-experiment heath stack rearing
20190724,9,H1_T3,Elevated,1,molecular,Putnam Lab URI -80C,pre-experiment heath stack rearing
20190724,10,H1_T3,Elevated,1,molecular,Putnam Lab URI -80C,pre-experiment heath stack rearing
20190724,11,H1_T3,Elevated,1,molecular,Putnam Lab URI -80C,pre-experiment heath stack rearing
20190724,12,H1_T3,Elevated,3,cellular,Putnam Lab URI -80C,pre-experiment heath stack rearing
20190724,13,H1_T4,Ambient,1,molecular,Putnam Lab URI -80C,pre-experiment heath stack rearing
20190724,14,H1_T4,Ambient,1,molecular,Putnam Lab URI -80C,pre-experiment heath stack rearing
20190724,15,H1_T4,Ambient,1,molecular,Putnam Lab URI -80C,pre-experiment heath stack rearing
20190724,16,H1_T4,Ambient,3,cellular,Putnam Lab URI -80C,pre-experiment heath stack rearing
20190724,17,H1_T5,Elevated,1,molecular,Putnam Lab URI -80C,pre-experiment heath stack rearing
20190724,18,H1_T5,Elevated,1,molecular,Putnam Lab URI -80C,pre-experiment heath stack rearing
20190724,19,H1_T5,Elevated,1,molecular,Putnam Lab URI -80C,pre-experiment heath stack rearing
20190724,20,H1_T5,Elevated,3,cellular,Putnam Lab URI -80C,pre-experiment heath stack rearing
20190724,21,H1_T6,Ambient,1,molecular,Putnam Lab URI -80C,pre-experiment heath stack rearing
20190724,22,H1_T6,Ambient,1,molecular,Putnam Lab URI -80C,pre-experiment heath stack rearing
20190724,23,H1_T6,Ambient,1,molecular,Putnam Lab URI -80C,pre-experiment heath stack rearing
20190724,24,H1_T6,Ambient,3,cellular,Putnam Lab URI -80C,pre-experiment heath stack rearing
20190724,25,H1_T7,Elevated,1,molecular,Putnam Lab URI -80C,pre-experiment heath stack rearing
20190724,26,H1_T7,Elevated,1,molecular,Putnam Lab URI -80C,pre-experiment heath stack rearing
20190724,27,H1_T7,Elevated,1,molecular,Putnam Lab URI -80C,pre-experiment heath stack rearing
20190724,28,H1_T7,Elevated,3,cellular,Putnam Lab URI -80C,pre-experiment heath stack rearing
20190724,29,H1_T8,Ambient,1,molecular,Putnam Lab URI -80C,pre-experiment heath stack rearing
20190724,30,H1_T8,Ambient,1,molecular,Putnam Lab URI -80C,pre-experiment heath stack rearing
20190724,31,H1_T8,Ambient,1,molecular,Putnam Lab URI -80C,pre-experiment heath stack rearing
20190724,32,H1_T8,Ambient,3,cellular,Putnam Lab URI -80C,pre-experiment heath stack rearing
20190725,33,1,EHM,1,molecular,Putnam Lab URI -80C,Day1
20190725,34,1,EHM,1,molecular,Putnam Lab URI -80C,Day1
20190725,35,1,EHM,1,molecular,Putnam Lab URI -80C,Day1
20190725,36,1,EHM,3,cellular,Putnam Lab URI -80C,Day1
20190725,37,2,EHM,1,molecular,Putnam Lab URI -80C,Day1
20190725,38,2,EHM,1,molecular,Putnam Lab URI -80C,Day1
20190725,39,2,EHM,1,molecular,Putnam Lab URI -80C,Day1
20190725,40,2,EHM,3,cellular,Putnam Lab URI -80C,Day1
20190725,41,3,EHM,1,molecular,Putnam Lab URI -80C,Day1
20190725,42,3,EHM,1,molecular,Putnam Lab URI -80C,Day1
20190725,43,3,EHM,1,molecular,Putnam Lab URI -80C,Day1
20190725,44,3,EHM,3,cellular,Putnam Lab URI -80C,Day1
20190725,45,4,AHM,1,molecular,Putnam Lab URI -80C,Day1
20190725,46,4,AHM,1,molecular,Putnam Lab URI -80C,Day1
20190725,47,4,AHM,1,molecular,Putnam Lab URI -80C,Day1
20190725,48,4,AHM,3,cellular,Putnam Lab URI -80C,Day1
20190725,49,5,AHM,1,molecular,Putnam Lab URI -80C,Day1
20190725,50,5,AHM,1,molecular,Putnam Lab URI -80C,Day1
20190725,51,5,AHM,1,molecular,Putnam Lab URI -80C,Day1
20190725,52,5,AHM,3,cellular,Putnam Lab URI -80C,Day1
20190725,53,6,AHM,1,molecular,Putnam Lab URI -80C,Day1
20190725,54,6,AHM,1,molecular,Putnam Lab URI -80C,Day1
20190725,55,6,AHM,1,molecular,Putnam Lab URI -80C,Day1
20190725,56,6,AHM,3,cellular,Putnam Lab URI -80C,Day1
20190725,57,7,EHM,1,molecular,Putnam Lab URI -80C,Day1
20190725,58,7,EHM,1,molecular,Putnam Lab URI -80C,Day1
20190725,59,7,EHM,1,molecular,Putnam Lab URI -80C,Day1
20190725,60,7,EHM,3,cellular,Putnam Lab URI -80C,Day1
20190725,61,8,EHM,1,molecular,Putnam Lab URI -80C,Day1
20190725,62,8,EHM,1,molecular,Putnam Lab URI -80C,Day1
20190725,63,8,EHM,1,molecular,Putnam Lab URI -80C,Day1
20190725,64,8,EHM,3,cellular,Putnam Lab URI -80C,Day1
20190725,65,9,EHM,1,molecular,Putnam Lab URI -80C,Day1
20190725,66,9,EHM,1,molecular,Putnam Lab URI -80C,Day1
20190725,67,9,EHM,1,molecular,Putnam Lab URI -80C,Day1
20190725,68,9,EHM,3,cellular,Putnam Lab URI -80C,Day1
20190725,69,10,AHM,1,molecular,Putnam Lab URI -80C,Day1
20190725,70,10,AHM,1,molecular,Putnam Lab URI -80C,Day1
20190725,71,10,AHM,1,molecular,Putnam Lab URI -80C,Day1
20190725,72,10,AHM,3,cellular,Putnam Lab URI -80C,Day1
20190725,73,11,AHM,1,molecular,Putnam Lab URI -80C,Day1
20190725,74,11,AHM,1,molecular,Putnam Lab URI -80C,Day1
20190725,75,11,AHM,1,molecular,Putnam Lab URI -80C,Day1
20190725,76,11,AHM,3,cellular,Putnam Lab URI -80C,Day1
20190725,77,12,AHM,1,molecular,Putnam Lab URI -80C,Day1
20190725,78,12,AHM,1,molecular,Putnam Lab URI -80C,Day1
20190725,79,12,AHM,1,molecular,Putnam Lab URI -80C,Day1
20190725,80,12,AHM,3,cellular,Putnam Lab URI -80C,Day1
20190725,81,13,EHS,1,molecular,Putnam Lab URI -80C,Day1
20190725,82,13,EHS,1,molecular,Putnam Lab URI -80C,Day1
20190725,83,13,EHS,1,molecular,Putnam Lab URI -80C,Day1
20190725,84,13,EHS,3,cellular,Putnam Lab URI -80C,Day1
20190725,85,14,AHS,1,molecular,Putnam Lab URI -80C,Day1
20190725,86,14,AHS,1,molecular,Putnam Lab URI -80C,Day1
20190725,87,14,AHS,1,molecular,Putnam Lab URI -80C,Day1
20190725,88,14,AHS,3,cellular,Putnam Lab URI -80C,Day1
20190725,89,15,AHS,1,molecular,Putnam Lab URI -80C,Day1
20190725,90,15,AHS,1,molecular,Putnam Lab URI -80C,Day1
20190725,91,15,AHS,1,molecular,Putnam Lab URI -80C,Day1
20190725,92,15,AHS,3,cellular,Putnam Lab URI -80C,Day1
20190725,93,16,AHS,1,molecular,Putnam Lab URI -80C,Day1
20190725,94,16,AHS,1,molecular,Putnam Lab URI -80C,Day1
20190725,95,16,AHS,1,molecular,Putnam Lab URI -80C,Day1
20190725,96,16,AHS,3,cellular,Putnam Lab URI -80C,Day1
20190725,97,17,EHS,1,molecular,Putnam Lab URI -80C,Day1
20190725,98,17,EHS,1,molecular,Putnam Lab URI -80C,Day1
20190725,99,17,EHS,1,molecular,Putnam Lab URI -80C,Day1
20190725,100,17,EHS,3,cellular,Putnam Lab URI -80C,Day1
20190725,101,18,EHS,1,molecular,Putnam Lab URI -80C,Day1
20190725,102,18,EHS,1,molecular,Putnam Lab URI -80C,Day1
20190725,103,18,EHS,1,molecular,Putnam Lab URI -80C,Day1
20190725,104,18,EHS,3,cellular,Putnam Lab URI -80C,Day1
20190725,105,19,AHS,1,molecular,Putnam Lab URI -80C,Day1
20190725,106,19,AHS,1,molecular,Putnam Lab URI -80C,Day1
20190725,107,19,AHS,1,molecular,Putnam Lab URI -80C,Day1
20190725,108,19,AHS,3,cellular,Putnam Lab URI -80C,Day1
20190725,109,20,EHS,1,molecular,Putnam Lab URI -80C,Day1
20190725,110,20,EHS,1,molecular,Putnam Lab URI -80C,Day1
20190725,111,20,EHS,1,molecular,Putnam Lab URI -80C,Day1
20190725,112,20,EHS,3,cellular,Putnam Lab URI -80C,Day1
20190725,113,21,AHS,1,molecular,Putnam Lab URI -80C,Day1
20190725,114,21,AHS,1,molecular,Putnam Lab URI -80C,Day1
20190725,115,21,AHS,1,molecular,Putnam Lab URI -80C,Day1
20190725,116,21,AHS,3,cellular,Putnam Lab URI -80C,Day1
20190725,117,22,EHS,1,molecular,Putnam Lab URI -80C,Day1
20190725,118,22,EHS,1,molecular,Putnam Lab URI -80C,Day1
20190725,119,22,EHS,1,molecular,Putnam Lab URI -80C,Day1
20190725,120,22,EHS,3,cellular,Putnam Lab URI -80C,Day1
20190725,121,23,EHS,1,molecular,Putnam Lab URI -80C,Day1
20190725,122,23,EHS,1,molecular,Putnam Lab URI -80C,Day1
20190725,123,23,EHS,1,molecular,Putnam Lab URI -80C,Day1
20190725,124,23,EHS,3,cellular,Putnam Lab URI -80C,Day1
20190725,125,24,AHS,1,molecular,Putnam Lab URI -80C,Day1
20190725,126,24,AHS,1,molecular,Putnam Lab URI -80C,Day1
20190725,127,24,AHS,1,molecular,Putnam Lab URI -80C,Day1
20190725,128,24,AHS,3,cellular,Putnam Lab URI -80C,Day1
20190725,129,25,AHA,1,molecular,Putnam Lab URI -80C,Day1
20190725,130,25,AHA,1,molecular,Putnam Lab URI -80C,Day1
20190725,131,25,AHA,1,molecular,Putnam Lab URI -80C,Day1
20190725,132,25,AHA,3,cellular,Putnam Lab URI -80C,Day1
20190725,133,26,AHA,1,molecular,Putnam Lab URI -80C,Day1
20190725,134,26,AHA,1,molecular,Putnam Lab URI -80C,Day1
20190725,135,26,AHA,1,molecular,Putnam Lab URI -80C,Day1
20190725,136,26,AHA,3,cellular,Putnam Lab URI -80C,Day1
20190725,137,27,EHA,1,molecular,Putnam Lab URI -80C,Day1
20190725,138,27,EHA,1,molecular,Putnam Lab URI -80C,Day1
20190725,139,27,EHA,1,molecular,Putnam Lab URI -80C,Day1
20190725,140,27,EHA,3,cellular,Putnam Lab URI -80C,Day1
20190725,141,28,EHA,1,molecular,Putnam Lab URI -80C,Day1
20190725,142,28,EHA,1,molecular,Putnam Lab URI -80C,Day1
20190725,143,28,EHA,1,molecular,Putnam Lab URI -80C,Day1
20190725,144,28,EHA,3,cellular,Putnam Lab URI -80C,Day1
20190725,145,29,EHA,1,molecular,Putnam Lab URI -80C,Day1
20190725,146,29,EHA,1,molecular,Putnam Lab URI -80C,Day1
20190725,147,29,EHA,1,molecular,Putnam Lab URI -80C,Day1
20190725,148,29,EHA,3,cellular,Putnam Lab URI -80C,Day1
20190725,149,30,AHA,1,molecular,Putnam Lab URI -80C,Day1
20190725,150,30,AHA,1,molecular,Putnam Lab URI -80C,Day1
20190725,151,30,AHA,1,molecular,Putnam Lab URI -80C,Day1
20190725,152,30,AHA,3,cellular,Putnam Lab URI -80C,Day1
20190725,153,31,EHA,1,molecular,Putnam Lab URI -80C,Day1
20190725,154,31,EHA,1,molecular,Putnam Lab URI -80C,Day1
20190725,155,31,EHA,1,molecular,Putnam Lab URI -80C,Day1
20190725,156,31,EHA,3,cellular,Putnam Lab URI -80C,Day1
20190725,157,32,EHA,1,molecular,Putnam Lab URI -80C,Day1
20190725,158,32,EHA,1,molecular,Putnam Lab URI -80C,Day1
20190725,159,32,EHA,1,molecular,Putnam Lab URI -80C,Day1
20190725,160,32,EHA,3,cellular,Putnam Lab URI -80C,Day1
20190725,161,33,AHA,1,molecular,Putnam Lab URI -80C,Day1
20190725,162,33,AHA,1,molecular,Putnam Lab URI -80C,Day1
20190725,163,33,AHA,1,molecular,Putnam Lab URI -80C,Day1
20190725,164,33,AHA,3,cellular,Putnam Lab URI -80C,Day1
20190725,165,34,AHA,1,molecular,Putnam Lab URI -80C,Day1
20190725,166,34,AHA,1,molecular,Putnam Lab URI -80C,Day1
20190725,167,34,AHA,1,molecular,Putnam Lab URI -80C,Day1
20190725,168,34,AHA,3,cellular,Putnam Lab URI -80C,Day1
20190725,169,35,EHA,1,molecular,Putnam Lab URI -80C,Day1
20190725,170,35,EHA,1,molecular,Putnam Lab URI -80C,Day1
20190725,171,35,EHA,1,molecular,Putnam Lab URI -80C,Day1
20190725,172,35,EHA,3,cellular,Putnam Lab URI -80C,Day1
20190725,173,36,AHA,1,molecular,Putnam Lab URI -80C,Day1
20190725,174,36,AHA,1,molecular,Putnam Lab URI -80C,Day1
20190725,175,36,AHA,1,molecular,Putnam Lab URI -80C,Day1
20190725,176,36,AHA,3,cellular,Putnam Lab URI -80C,Day1
20190728,177,1,EHM,1,molecular,Putnam Lab URI -80C,Day4
20190728,178,1,EHM,1,molecular,Putnam Lab URI -80C,Day4
20190728,179,1,EHM,1,molecular,Putnam Lab URI -80C,Day4
20190728,180,1,EHM,3,cellular,Putnam Lab URI -80C,Day4
20190728,181,2,EHM,1,molecular,Putnam Lab URI -80C,Day4
20190728,182,2,EHM,1,molecular,Putnam Lab URI -80C,Day4
20190728,183,2,EHM,1,molecular,Putnam Lab URI -80C,Day4
20190728,184,2,EHM,3,cellular,Putnam Lab URI -80C,Day4
20190728,185,3,EHM,1,molecular,Putnam Lab URI -80C,Day4
20190728,186,3,EHM,1,molecular,Putnam Lab URI -80C,Day4
20190728,187,3,EHM,1,molecular,Putnam Lab URI -80C,Day4
20190728,188,3,EHM,3,cellular,Putnam Lab URI -80C,Day4
20190728,189,4,AHM,1,molecular,Putnam Lab URI -80C,Day4
20190728,190,4,AHM,1,molecular,Putnam Lab URI -80C,Day4
20190728,191,4,AHM,1,molecular,Putnam Lab URI -80C,Day4
20190728,192,4,AHM,3,cellular,Putnam Lab URI -80C,Day4
20190728,193,5,AHM,1,molecular,Putnam Lab URI -80C,Day4
20190728,194,5,AHM,1,molecular,Putnam Lab URI -80C,Day4
20190728,195,5,AHM,1,molecular,Putnam Lab URI -80C,Day4
20190728,196,5,AHM,3,cellular,Putnam Lab URI -80C,Day4
20190728,197,6,AHM,1,molecular,Putnam Lab URI -80C,Day4
20190728,198,6,AHM,1,molecular,Putnam Lab URI -80C,Day4
20190728,199,6,AHM,1,molecular,Putnam Lab URI -80C,Day4
20190728,200,6,AHM,3,cellular,Putnam Lab URI -80C,Day4
20190728,201,7,EHM,1,molecular,Putnam Lab URI -80C,Day4
20190728,202,7,EHM,1,molecular,Putnam Lab URI -80C,Day4
20190728,203,7,EHM,1,molecular,Putnam Lab URI -80C,Day4
20190728,204,7,EHM,3,cellular,Putnam Lab URI -80C,Day4
20190728,205,8,EHM,1,molecular,Putnam Lab URI -80C,Day4
20190728,206,8,EHM,1,molecular,Putnam Lab URI -80C,Day4
20190728,207,8,EHM,1,molecular,Putnam Lab URI -80C,Day4
20190728,208,8,EHM,3,cellular,Putnam Lab URI -80C,Day4
20190728,209,9,EHM,1,molecular,Putnam Lab URI -80C,Day4
20190728,210,9,EHM,1,molecular,Putnam Lab URI -80C,Day4
20190728,211,9,EHM,1,molecular,Putnam Lab URI -80C,Day4
20190728,212,9,EHM,3,cellular,Putnam Lab URI -80C,Day4
20190728,213,10,AHM,1,molecular,Putnam Lab URI -80C,Day4
20190728,214,10,AHM,1,molecular,Putnam Lab URI -80C,Day4
20190728,215,10,AHM,1,molecular,Putnam Lab URI -80C,Day4
20190728,216,10,AHM,3,cellular,Putnam Lab URI -80C,Day4
20190728,217,11,AHM,1,molecular,Putnam Lab URI -80C,Day4
20190728,218,11,AHM,1,molecular,Putnam Lab URI -80C,Day4
20190728,219,11,AHM,1,molecular,Putnam Lab URI -80C,Day4
20190728,220,11,AHM,3,cellular,Putnam Lab URI -80C,Day4
20190728,221,12,AHM,1,molecular,Putnam Lab URI -80C,Day4
20190728,222,12,AHM,1,molecular,Putnam Lab URI -80C,Day4
20190728,223,12,AHM,1,molecular,Putnam Lab URI -80C,Day4
20190728,224,12,AHM,3,cellular,Putnam Lab URI -80C,Day4
20190728,225,13,EHS,1,molecular,Putnam Lab URI -80C,Day4
20190728,226,13,EHS,1,molecular,Putnam Lab URI -80C,Day4
20190728,227,13,EHS,1,molecular,Putnam Lab URI -80C,Day4
20190728,228,13,EHS,3,cellular,Putnam Lab URI -80C,Day4
20190728,229,14,AHS,1,molecular,Putnam Lab URI -80C,Day4
20190728,230,14,AHS,1,molecular,Putnam Lab URI -80C,Day4
20190728,231,14,AHS,1,molecular,Putnam Lab URI -80C,Day4
20190728,232,14,AHS,3,cellular,Putnam Lab URI -80C,Day4
20190728,233,15,AHS,1,molecular,Putnam Lab URI -80C,Day4
20190728,234,15,AHS,1,molecular,Putnam Lab URI -80C,Day4
20190728,235,15,AHS,1,molecular,Putnam Lab URI -80C,Day4
20190728,236,15,AHS,3,cellular,Putnam Lab URI -80C,Day4
20190728,237,16,AHS,1,molecular,Putnam Lab URI -80C,Day4
20190728,238,16,AHS,1,molecular,Putnam Lab URI -80C,Day4
20190728,239,16,AHS,1,molecular,Putnam Lab URI -80C,Day4
20190728,240,16,AHS,3,cellular,Putnam Lab URI -80C,Day4
20190728,241,17,EHS,1,molecular,Putnam Lab URI -80C,Day4
20190728,242,17,EHS,1,molecular,Putnam Lab URI -80C,Day4
20190728,243,17,EHS,1,molecular,Putnam Lab URI -80C,Day4
20190728,244,17,EHS,3,cellular,Putnam Lab URI -80C,Day4
20190728,245,18,EHS,1,molecular,Putnam Lab URI -80C,Day4
20190728,246,18,EHS,1,molecular,Putnam Lab URI -80C,Day4
20190728,247,18,EHS,1,molecular,Putnam Lab URI -80C,Day4
20190728,248,18,EHS,3,cellular,Putnam Lab URI -80C,Day4
20190728,249,19,AHS,1,molecular,Putnam Lab URI -80C,Day4
20190728,250,19,AHS,1,molecular,Putnam Lab URI -80C,Day4
20190728,251,19,AHS,1,molecular,Putnam Lab URI -80C,Day4
20190728,252,19,AHS,3,cellular,Putnam Lab URI -80C,Day4
20190728,253,20,EHS,1,molecular,Putnam Lab URI -80C,Day4
20190728,254,20,EHS,1,molecular,Putnam Lab URI -80C,Day4
20190728,255,20,EHS,1,molecular,Putnam Lab URI -80C,Day4
20190728,256,20,EHS,3,cellular,Putnam Lab URI -80C,Day4
20190728,257,21,AHS,1,molecular,Putnam Lab URI -80C,Day4
20190728,258,21,AHS,1,molecular,Putnam Lab URI -80C,Day4
20190728,259,21,AHS,1,molecular,Putnam Lab URI -80C,Day4
20190728,260,21,AHS,3,cellular,Putnam Lab URI -80C,Day4
20190728,261,22,EHS,1,molecular,Putnam Lab URI -80C,Day4
20190728,262,22,EHS,1,molecular,Putnam Lab URI -80C,Day4
20190728,263,22,EHS,1,molecular,Putnam Lab URI -80C,Day4
20190728,264,22,EHS,3,cellular,Putnam Lab URI -80C,Day4
20190728,265,23,EHS,1,molecular,Putnam Lab URI -80C,Day4
20190728,266,23,EHS,1,molecular,Putnam Lab URI -80C,Day4
20190728,267,23,EHS,1,molecular,Putnam Lab URI -80C,Day4
20190728,268,23,EHS,3,cellular,Putnam Lab URI -80C,Day4
20190728,269,24,AHS,1,molecular,Putnam Lab URI -80C,Day4
20190728,270,24,AHS,1,molecular,Putnam Lab URI -80C,Day4
20190728,271,24,AHS,1,molecular,Putnam Lab URI -80C,Day4
20190728,272,24,AHS,3,cellular,Putnam Lab URI -80C,Day4
20190728,273,25,AHA,1,molecular,Putnam Lab URI -80C,Day4
20190728,274,25,AHA,1,molecular,Putnam Lab URI -80C,Day4
20190728,275,25,AHA,1,molecular,Putnam Lab URI -80C,Day4
20190728,276,25,AHA,3,cellular,Putnam Lab URI -80C,Day4
20190728,277,26,AHA,1,molecular,Putnam Lab URI -80C,Day4
20190728,278,26,AHA,1,molecular,Putnam Lab URI -80C,Day4
20190728,279,26,AHA,1,molecular,Putnam Lab URI -80C,Day4
20190728,280,26,AHA,3,cellular,Putnam Lab URI -80C,Day4
20190728,281,27,EHA,1,molecular,Putnam Lab URI -80C,Day4
20190728,282,27,EHA,1,molecular,Putnam Lab URI -80C,Day4
20190728,283,27,EHA,1,molecular,Putnam Lab URI -80C,Day4
20190728,284,27,EHA,3,cellular,Putnam Lab URI -80C,Day4
20190728,285,28,EHA,1,molecular,Putnam Lab URI -80C,Day4
20190728,286,28,EHA,1,molecular,Putnam Lab URI -80C,Day4
20190728,287,28,EHA,1,molecular,Putnam Lab URI -80C,Day4
20190728,288,28,EHA,3,cellular,Putnam Lab URI -80C,Day4
20190728,289,29,EHA,1,molecular,Putnam Lab URI -80C,Day4
20190728,290,29,EHA,1,molecular,Putnam Lab URI -80C,Day4
20190728,291,29,EHA,1,molecular,Putnam Lab URI -80C,Day4
20190728,292,29,EHA,3,cellular,Putnam Lab URI -80C,Day4
20190728,293,30,AHA,1,molecular,Putnam Lab URI -80C,Day4
20190728,294,30,AHA,1,molecular,Putnam Lab URI -80C,Day4
20190728,295,30,AHA,1,molecular,Putnam Lab URI -80C,Day4
20190728,296,30,AHA,3,cellular,Putnam Lab URI -80C,Day4
20190728,297,31,EHA,1,molecular,Putnam Lab URI -80C,Day4
20190728,298,31,EHA,1,molecular,Putnam Lab URI -80C,Day4
20190728,299,31,EHA,1,molecular,Putnam Lab URI -80C,Day4
20190728,300,31,EHA,3,cellular,Putnam Lab URI -80C,Day4
20190728,301,32,EHA,1,molecular,Putnam Lab URI -80C,Day4
20190728,302,32,EHA,1,molecular,Putnam Lab URI -80C,Day4
20190728,303,32,EHA,1,molecular,Putnam Lab URI -80C,Day4
20190728,304,32,EHA,3,cellular,Putnam Lab URI -80C,Day4
20190728,305,33,AHA,1,molecular,Putnam Lab URI -80C,Day4
20190728,306,33,AHA,1,molecular,Putnam Lab URI -80C,Day4
20190728,307,33,AHA,1,molecular,Putnam Lab URI -80C,Day4
20190728,308,33,AHA,3,cellular,Putnam Lab URI -80C,Day4
20190728,309,34,AHA,1,molecular,Putnam Lab URI -80C,Day4
20190728,310,34,AHA,1,molecular,Putnam Lab URI -80C,Day4
20190728,311,34,AHA,1,molecular,Putnam Lab URI -80C,Day4
20190728,312,34,AHA,3,cellular,Putnam Lab URI -80C,Day4
20190728,313,35,EHA,1,molecular,Putnam Lab URI -80C,Day4
20190728,314,35,EHA,1,molecular,Putnam Lab URI -80C,Day4
20190728,315,35,EHA,1,molecular,Putnam Lab URI -80C,Day4
20190728,316,35,EHA,3,cellular,Putnam Lab URI -80C,Day4
20190728,317,36,AHA,1,molecular,Putnam Lab URI -80C,Day4
20190728,318,36,AHA,1,molecular,Putnam Lab URI -80C,Day4
20190728,319,36,AHA,1,molecular,Putnam Lab URI -80C,Day4
20190728,320,36,AHA,3,cellular,Putnam Lab URI -80C,Day4
20190731,321,1,EHM,1,molecular,Putnam Lab URI -80C,Day7
20190731,322,1,EHM,1,molecular,Putnam Lab URI -80C,Day7
20190731,323,1,EHM,1,molecular,Putnam Lab URI -80C,Day7
20190731,324,1,EHM,3,cellular,Putnam Lab URI -80C,Day7
20190731,325,2,EHM,1,molecular,Putnam Lab URI -80C,Day7
20190731,326,2,EHM,1,molecular,Putnam Lab URI -80C,Day7
20190731,327,2,EHM,1,molecular,Putnam Lab URI -80C,Day7
20190731,328,2,EHM,3,cellular,Putnam Lab URI -80C,Day7
20190731,329,3,EHM,1,molecular,Putnam Lab URI -80C,Day7
20190731,330,3,EHM,1,molecular,Putnam Lab URI -80C,Day7
20190731,331,3,EHM,1,molecular,Putnam Lab URI -80C,Day7
20190731,332,3,EHM,3,cellular,Putnam Lab URI -80C,Day7
20190731,333,4,AHM,1,molecular,Putnam Lab URI -80C,Day7
20190731,334,4,AHM,1,molecular,Putnam Lab URI -80C,Day7
20190731,335,4,AHM,1,molecular,Putnam Lab URI -80C,Day7
20190731,336,4,AHM,3,cellular,Putnam Lab URI -80C,Day7
20190731,337,11,AHM,1,molecular,Putnam Lab URI -80C,Day7
20190731,338,11,AHM,1,molecular,Putnam Lab URI -80C,Day7
20190731,339,11,AHM,1,molecular,Putnam Lab URI -80C,Day7
20190731,340,11,AHM,3,cellular,Putnam Lab URI -80C,Day7
20190731,341,6,AHM,1,molecular,Putnam Lab URI -80C,Day7
20190731,342,6,AHM,1,molecular,Putnam Lab URI -80C,Day7
20190731,343,6,AHM,1,molecular,Putnam Lab URI -80C,Day7
20190731,344,6,AHM,3,cellular,Putnam Lab URI -80C,Day7
20190731,345,7,EHM,1,molecular,Putnam Lab URI -80C,Day7
20190731,346,7,EHM,1,molecular,Putnam Lab URI -80C,Day7
20190731,347,7,EHM,1,molecular,Putnam Lab URI -80C,Day7
20190731,348,7,EHM,3,cellular,Putnam Lab URI -80C,Day7
20190731,349,8,EHM,1,molecular,Putnam Lab URI -80C,Day7
20190731,350,8,EHM,1,molecular,Putnam Lab URI -80C,Day7
20190731,351,8,EHM,1,molecular,Putnam Lab URI -80C,Day7
20190731,352,8,EHM,3,cellular,Putnam Lab URI -80C,Day7
20190731,353,9,EHM,1,molecular,Putnam Lab URI -80C,Day7
20190731,354,9,EHM,1,molecular,Putnam Lab URI -80C,Day7
20190731,355,9,EHM,1,molecular,Putnam Lab URI -80C,Day7
20190731,356,9,EHM,3,cellular,Putnam Lab URI -80C,Day7
20190731,357,10,AHM,1,molecular,Putnam Lab URI -80C,Day7
20190731,358,10,AHM,1,molecular,Putnam Lab URI -80C,Day7
20190731,359,10,AHM,1,molecular,Putnam Lab URI -80C,Day7
20190731,360,10,AHM,3,cellular,Putnam Lab URI -80C,Day7
20190731,361,5,AHM,1,molecular,Putnam Lab URI -80C,Day7
20190731,362,5,AHM,1,molecular,Putnam Lab URI -80C,Day7
20190731,363,5,AHM,1,molecular,Putnam Lab URI -80C,Day7
20190731,364,5,AHM,3,cellular,Putnam Lab URI -80C,Day7
20190731,365,12,AHM,1,molecular,Putnam Lab URI -80C,Day7
20190731,366,12,AHM,1,molecular,Putnam Lab URI -80C,Day7
20190731,367,12,AHM,1,molecular,Putnam Lab URI -80C,Day7
20190731,368,12,AHM,3,cellular,Putnam Lab URI -80C,Day7
20190731,369,13,EHS,1,molecular,Putnam Lab URI -80C,Day7
20190731,370,13,EHS,1,molecular,Putnam Lab URI -80C,Day7
20190731,371,13,EHS,1,molecular,Putnam Lab URI -80C,Day7
20190731,372,13,EHS,3,cellular,Putnam Lab URI -80C,Day7
20190731,373,14,AHS,1,molecular,Putnam Lab URI -80C,Day7
20190731,374,14,AHS,1,molecular,Putnam Lab URI -80C,Day7
20190731,375,14,AHS,1,molecular,Putnam Lab URI -80C,Day7
20190731,376,14,AHS,3,cellular,Putnam Lab URI -80C,Day7
20190731,377,15,AHS,1,molecular,Putnam Lab URI -80C,Day7
20190731,378,15,AHS,1,molecular,Putnam Lab URI -80C,Day7
20190731,379,15,AHS,1,molecular,Putnam Lab URI -80C,Day7
20190731,380,15,AHS,3,cellular,Putnam Lab URI -80C,Day7
20190731,381,16,AHS,1,molecular,Putnam Lab URI -80C,Day7
20190731,382,16,AHS,1,molecular,Putnam Lab URI -80C,Day7
20190731,383,16,AHS,1,molecular,Putnam Lab URI -80C,Day7
20190731,384,16,AHS,3,cellular,Putnam Lab URI -80C,Day7
20190731,385,17,EHS,1,molecular,Putnam Lab URI -80C,Day7
20190731,386,17,EHS,1,molecular,Putnam Lab URI -80C,Day7
20190731,387,17,EHS,1,molecular,Putnam Lab URI -80C,Day7
20190731,388,17,EHS,3,cellular,Putnam Lab URI -80C,Day7
20190731,389,18,EHS,1,molecular,Putnam Lab URI -80C,Day7
20190731,390,18,EHS,1,molecular,Putnam Lab URI -80C,Day7
20190731,391,18,EHS,1,molecular,Putnam Lab URI -80C,Day7
20190731,392,18,EHS,3,cellular,Putnam Lab URI -80C,Day7
20190731,393,19,AHS,1,molecular,Putnam Lab URI -80C,Day7
20190731,394,19,AHS,1,molecular,Putnam Lab URI -80C,Day7
20190731,395,19,AHS,1,molecular,Putnam Lab URI -80C,Day7
20190731,396,19,AHS,3,cellular,Putnam Lab URI -80C,Day7
20190731,397,20,EHS,1,molecular,Putnam Lab URI -80C,Day7
20190731,398,20,EHS,1,molecular,Putnam Lab URI -80C,Day7
20190731,399,20,EHS,1,molecular,Putnam Lab URI -80C,Day7
20190731,400,20,EHS,3,cellular,Putnam Lab URI -80C,Day7
20190731,401,21,AHS,1,molecular,Putnam Lab URI -80C,Day7
20190731,402,21,AHS,1,molecular,Putnam Lab URI -80C,Day7
20190731,403,21,AHS,1,molecular,Putnam Lab URI -80C,Day7
20190731,404,21,AHS,3,cellular,Putnam Lab URI -80C,Day7
20190731,405,22,EHS,1,molecular,Putnam Lab URI -80C,Day7
20190731,406,22,EHS,1,molecular,Putnam Lab URI -80C,Day7
20190731,407,22,EHS,1,molecular,Putnam Lab URI -80C,Day7
20190731,408,22,EHS,3,cellular,Putnam Lab URI -80C,Day7
20190731,409,23,EHS,1,molecular,Putnam Lab URI -80C,Day7
20190731,410,23,EHS,1,molecular,Putnam Lab URI -80C,Day7
20190731,411,23,EHS,1,molecular,Putnam Lab URI -80C,Day7
20190731,412,23,EHS,3,cellular,Putnam Lab URI -80C,Day7
20190731,413,24,AHS,1,molecular,Putnam Lab URI -80C,Day7
20190731,414,24,AHS,1,molecular,Putnam Lab URI -80C,Day7
20190731,415,24,AHS,1,molecular,Putnam Lab URI -80C,Day7
20190731,416,24,AHS,3,cellular,Putnam Lab URI -80C,Day7
20190731,417,25,AHA,1,molecular,Putnam Lab URI -80C,Day7
20190731,418,25,AHA,1,molecular,Putnam Lab URI -80C,Day7
20190731,419,25,AHA,1,molecular,Putnam Lab URI -80C,Day7
20190731,420,25,AHA,3,cellular,Putnam Lab URI -80C,Day7
20190731,421,26,AHA,1,molecular,Putnam Lab URI -80C,Day7
20190731,422,26,AHA,1,molecular,Putnam Lab URI -80C,Day7
20190731,423,26,AHA,1,molecular,Putnam Lab URI -80C,Day7
20190731,424,26,AHA,3,cellular,Putnam Lab URI -80C,Day7
20190731,425,27,EHA,1,molecular,Putnam Lab URI -80C,Day7
20190731,426,27,EHA,1,molecular,Putnam Lab URI -80C,Day7
20190731,427,27,EHA,1,molecular,Putnam Lab URI -80C,Day7
20190731,428,27,EHA,3,cellular,Putnam Lab URI -80C,Day7
20190731,429,28,EHA,1,molecular,Putnam Lab URI -80C,Day7
20190731,430,28,EHA,1,molecular,Putnam Lab URI -80C,Day7
20190731,431,28,EHA,1,molecular,Putnam Lab URI -80C,Day7
20190731,432,28,EHA,3,cellular,Putnam Lab URI -80C,Day7
20190731,433,29,EHA,1,molecular,Putnam Lab URI -80C,Day7
20190731,434,29,EHA,1,molecular,Putnam Lab URI -80C,Day7
20190731,435,29,EHA,1,molecular,Putnam Lab URI -80C,Day7
20190731,436,29,EHA,3,cellular,Putnam Lab URI -80C,Day7
20190731,437,30,AHA,1,molecular,Putnam Lab URI -80C,Day7
20190731,438,30,AHA,1,molecular,Putnam Lab URI -80C,Day7
20190731,439,30,AHA,1,molecular,Putnam Lab URI -80C,Day7
20190731,440,30,AHA,3,cellular,Putnam Lab URI -80C,Day7
20190731,441,31,EHA,1,molecular,Putnam Lab URI -80C,Day7
20190731,442,31,EHA,1,molecular,Putnam Lab URI -80C,Day7
20190731,443,31,EHA,1,molecular,Putnam Lab URI -80C,Day7
20190731,444,31,EHA,3,cellular,Putnam Lab URI -80C,Day7
20190731,445,32,EHA,1,molecular,Putnam Lab URI -80C,Day7
20190731,446,32,EHA,1,molecular,Putnam Lab URI -80C,Day7
20190731,447,32,EHA,1,molecular,Putnam Lab URI -80C,Day7
20190731,448,32,EHA,3,cellular,Putnam Lab URI -80C,Day7
20190731,449,33,AHA,1,molecular,Putnam Lab URI -80C,Day7
20190731,450,33,AHA,1,molecular,Putnam Lab URI -80C,Day7
20190731,451,33,AHA,1,molecular,Putnam Lab URI -80C,Day7
20190731,452,33,AHA,3,cellular,Putnam Lab URI -80C,Day7
20190731,453,34,AHA,1,molecular,Putnam Lab URI -80C,Day7
20190731,454,34,AHA,1,molecular,Putnam Lab URI -80C,Day7
20190731,455,34,AHA,1,molecular,Putnam Lab URI -80C,Day7
20190731,456,34,AHA,3,cellular,Putnam Lab URI -80C,Day7
20190731,457,35,EHA,1,molecular,Putnam Lab URI -80C,Day7
20190731,458,35,EHA,1,molecular,Putnam Lab URI -80C,Day7
20190731,459,35,EHA,1,molecular,Putnam Lab URI -80C,Day7
20190731,460,35,EHA,3,cellular,Putnam Lab URI -80C,Day7
20190731,461,36,AHA,1,molecular,Putnam Lab URI -80C,Day7
20190731,462,36,AHA,1,molecular,Putnam Lab URI -80C,Day7
20190731,463,36,AHA,1,molecular,Putnam Lab URI -80C,Day7
20190731,464,36,AHA,3,cellular,Putnam Lab URI -80C,Day7
20190801,465,1,EHM,1,molecular,Putnam Lab URI -80C,Day8
20190801,466,1,EHM,1,molecular,Putnam Lab URI -80C,Day8
20190801,467,1,EHM,1,molecular,Putnam Lab URI -80C,Day8
20190801,468,1,EHM,3,cellular,Putnam Lab URI -80C,Day8
20190801,469,2,EHM,1,molecular,Putnam Lab URI -80C,Day8
20190801,470,2,EHM,1,molecular,Putnam Lab URI -80C,Day8
20190801,471,2,EHM,1,molecular,Putnam Lab URI -80C,Day8
20190801,472,2,EHM,3,cellular,Putnam Lab URI -80C,Day8
20190801,473,3,EHM,1,molecular,Putnam Lab URI -80C,Day8
20190801,474,3,EHM,1,molecular,Putnam Lab URI -80C,Day8
20190801,475,3,EHM,1,molecular,Putnam Lab URI -80C,Day8
20190801,476,3,EHM,3,cellular,Putnam Lab URI -80C,Day8
20190801,477,4,AHM,1,molecular,Putnam Lab URI -80C,Day8
20190801,478,4,AHM,1,molecular,Putnam Lab URI -80C,Day8
20190801,479,4,AHM,1,molecular,Putnam Lab URI -80C,Day8
20190801,480,4,AHM,3,cellular,Putnam Lab URI -80C,Day8
20190801,481,5,AHM,1,molecular,Putnam Lab URI -80C,Day8
20190801,482,5,AHM,1,molecular,Putnam Lab URI -80C,Day8
20190801,483,5,AHM,1,molecular,Putnam Lab URI -80C,Day8
20190801,484,5,AHM,3,cellular,Putnam Lab URI -80C,Day8
20190801,485,6,AHM,1,molecular,Putnam Lab URI -80C,Day8
20190801,486,6,AHM,1,molecular,Putnam Lab URI -80C,Day8
20190801,487,6,AHM,1,molecular,Putnam Lab URI -80C,Day8
20190801,488,6,AHM,3,cellular,Putnam Lab URI -80C,Day8
20190801,489,7,EHM,1,molecular,Putnam Lab URI -80C,Day8
20190801,490,7,EHM,1,molecular,Putnam Lab URI -80C,Day8
20190801,491,7,EHM,1,molecular,Putnam Lab URI -80C,Day8
20190801,492,7,EHM,3,cellular,Putnam Lab URI -80C,Day8
20190801,493,8,EHM,1,molecular,Putnam Lab URI -80C,Day8
20190801,494,8,EHM,1,molecular,Putnam Lab URI -80C,Day8
20190801,495,8,EHM,1,molecular,Putnam Lab URI -80C,Day8
20190801,496,8,EHM,3,cellular,Putnam Lab URI -80C,Day8
20190801,497,9,EHM,1,molecular,Putnam Lab URI -80C,Day8
20190801,498,9,EHM,1,molecular,Putnam Lab URI -80C,Day8
20190801,499,9,EHM,1,molecular,Putnam Lab URI -80C,Day8
20190801,500,9,EHM,3,cellular,Putnam Lab URI -80C,Day8
20190801,501,10,AHM,1,molecular,Putnam Lab URI -80C,Day8
20190801,502,10,AHM,1,molecular,Putnam Lab URI -80C,Day8
20190801,503,10,AHM,1,molecular,Putnam Lab URI -80C,Day8
20190801,504,10,AHM,3,cellular,Putnam Lab URI -80C,Day8
20190801,505,11,AHM,1,molecular,Putnam Lab URI -80C,Day8
20190801,506,11,AHM,1,molecular,Putnam Lab URI -80C,Day8
20190801,507,11,AHM,1,molecular,Putnam Lab URI -80C,Day8
20190801,508,11,AHM,3,cellular,Putnam Lab URI -80C,Day8
20190801,509,12,AHM,1,molecular,Putnam Lab URI -80C,Day8
20190801,510,12,AHM,1,molecular,Putnam Lab URI -80C,Day8
20190801,511,12,AHM,1,molecular,Putnam Lab URI -80C,Day8
20190801,512,12,AHM,3,cellular,Putnam Lab URI -80C,Day8
20190801,513,13,EHS,1,molecular,Putnam Lab URI -80C,Day8
20190801,514,13,EHS,1,molecular,Putnam Lab URI -80C,Day8
20190801,515,13,EHS,1,molecular,Putnam Lab URI -80C,Day8
20190801,516,13,EHS,3,cellular,Putnam Lab URI -80C,Day8
20190801,517,14,AHS,1,molecular,Putnam Lab URI -80C,Day8
20190801,518,14,AHS,1,molecular,Putnam Lab URI -80C,Day8
20190801,519,14,AHS,1,molecular,Putnam Lab URI -80C,Day8
20190801,520,14,AHS,3,cellular,Putnam Lab URI -80C,Day8
20190801,521,15,AHS,1,molecular,Putnam Lab URI -80C,Day8
20190801,522,15,AHS,1,molecular,Putnam Lab URI -80C,Day8
20190801,523,15,AHS,1,molecular,Putnam Lab URI -80C,Day8
20190801,524,15,AHS,3,cellular,Putnam Lab URI -80C,Day8
20190801,525,16,AHS,1,molecular,Putnam Lab URI -80C,Day8
20190801,526,16,AHS,1,molecular,Putnam Lab URI -80C,Day8
20190801,527,16,AHS,1,molecular,Putnam Lab URI -80C,Day8
20190801,528,16,AHS,3,cellular,Putnam Lab URI -80C,Day8
20190801,529,17,EHS,1,molecular,Putnam Lab URI -80C,Day8
20190801,530,17,EHS,1,molecular,Putnam Lab URI -80C,Day8
20190801,531,17,EHS,1,molecular,Putnam Lab URI -80C,Day8
20190801,532,17,EHS,3,cellular,Putnam Lab URI -80C,Day8
20190801,533,18,EHS,1,molecular,Putnam Lab URI -80C,Day8
20190801,534,18,EHS,1,molecular,Putnam Lab URI -80C,Day8
20190801,535,18,EHS,1,molecular,Putnam Lab URI -80C,Day8
20190801,536,18,EHS,3,cellular,Putnam Lab URI -80C,Day8
20190801,537,19,AHS,1,molecular,Putnam Lab URI -80C,Day8
20190801,538,19,AHS,1,molecular,Putnam Lab URI -80C,Day8
20190801,539,19,AHS,1,molecular,Putnam Lab URI -80C,Day8
20190801,540,19,AHS,3,cellular,Putnam Lab URI -80C,Day8
20190801,541,20,EHS,1,molecular,Putnam Lab URI -80C,Day8
20190801,542,20,EHS,1,molecular,Putnam Lab URI -80C,Day8
20190801,543,20,EHS,1,molecular,Putnam Lab URI -80C,Day8
20190801,544,20,EHS,3,cellular,Putnam Lab URI -80C,Day8
20190801,545,21,AHS,1,molecular,Putnam Lab URI -80C,Day8
20190801,546,21,AHS,1,molecular,Putnam Lab URI -80C,Day8
20190801,547,21,AHS,1,molecular,Putnam Lab URI -80C,Day8
20190801,548,21,AHS,3,cellular,Putnam Lab URI -80C,Day8
20190801,549,22,EHS,1,molecular,Putnam Lab URI -80C,Day8
20190801,550,22,EHS,1,molecular,Putnam Lab URI -80C,Day8
20190801,551,22,EHS,1,molecular,Putnam Lab URI -80C,Day8
20190801,552,22,EHS,3,cellular,Putnam Lab URI -80C,Day8
20190801,553,23,EHS,1,molecular,Putnam Lab URI -80C,Day8
20190801,554,23,EHS,1,molecular,Putnam Lab URI -80C,Day8
20190801,555,23,EHS,1,molecular,Putnam Lab URI -80C,Day8
20190801,556,23,EHS,3,cellular,Putnam Lab URI -80C,Day8
20190801,557,24,AHS,1,molecular,Putnam Lab URI -80C,Day8
20190801,558,24,AHS,1,molecular,Putnam Lab URI -80C,Day8
20190801,559,24,AHS,1,molecular,Putnam Lab URI -80C,Day8
20190801,560,24,AHS,3,cellular,Putnam Lab URI -80C,Day8
20190801,561,25,AHA,1,molecular,Putnam Lab URI -80C,Day8
20190801,562,25,AHA,1,molecular,Putnam Lab URI -80C,Day8
20190801,563,25,AHA,1,molecular,Putnam Lab URI -80C,Day8
20190801,564,25,AHA,3,cellular,Putnam Lab URI -80C,Day8
20190801,565,26,AHA,1,molecular,Putnam Lab URI -80C,Day8
20190801,566,26,AHA,1,molecular,Putnam Lab URI -80C,Day8
20190801,567,26,AHA,1,molecular,Putnam Lab URI -80C,Day8
20190801,568,26,AHA,3,cellular,Putnam Lab URI -80C,Day8
20190801,569,27,EHA,1,molecular,Putnam Lab URI -80C,Day8
20190801,570,27,EHA,1,molecular,Putnam Lab URI -80C,Day8
20190801,571,27,EHA,1,molecular,Putnam Lab URI -80C,Day8
20190801,572,27,EHA,3,cellular,Putnam Lab URI -80C,Day8
20190801,573,28,EHA,1,molecular,Putnam Lab URI -80C,Day8
20190801,574,28,EHA,1,molecular,Putnam Lab URI -80C,Day8
20190801,575,28,EHA,1,molecular,Putnam Lab URI -80C,Day8
20190801,576,28,EHA,3,cellular,Putnam Lab URI -80C,Day8
20190801,577,29,EHA,1,molecular,Putnam Lab URI -80C,Day8
20190801,578,29,EHA,1,molecular,Putnam Lab URI -80C,Day8
20190801,579,29,EHA,1,molecular,Putnam Lab URI -80C,Day8
20190801,580,29,EHA,3,cellular,Putnam Lab URI -80C,Day8
20190801,581,30,AHA,1,molecular,Putnam Lab URI -80C,Day8
20190801,582,30,AHA,1,molecular,Putnam Lab URI -80C,Day8
20190801,583,30,AHA,1,molecular,Putnam Lab URI -80C,Day8
20190801,584,30,AHA,3,cellular,Putnam Lab URI -80C,Day8
20190801,585,31,EHA,1,molecular,Putnam Lab URI -80C,Day8
20190801,586,31,EHA,1,molecular,Putnam Lab URI -80C,Day8
20190801,587,31,EHA,1,molecular,Putnam Lab URI -80C,Day8
20190801,588,31,EHA,3,cellular,Putnam Lab URI -80C,Day8
20190801,589,32,EHA,1,molecular,Putnam Lab URI -80C,Day8
20190801,590,32,EHA,1,molecular,Putnam Lab URI -80C,Day8
20190801,591,32,EHA,1,molecular,Putnam Lab URI -80C,Day8
20190801,592,32,EHA,3,cellular,Putnam Lab URI -80C,Day8
20190801,593,33,AHA,1,molecular,Putnam Lab URI -80C,Day8
20190801,594,33,AHA,1,molecular,Putnam Lab URI -80C,Day8
20190801,595,33,AHA,1,molecular,Putnam Lab URI -80C,Day8
20190801,596,33,AHA,3,cellular,Putnam Lab URI -80C,Day8
20190801,597,34,AHA,1,molecular,Putnam Lab URI -80C,Day8
20190801,598,34,AHA,1,molecular,Putnam Lab URI -80C,Day8
20190801,599,34,AHA,1,molecular,Putnam Lab URI -80C,Day8
20190801,600,34,AHA,3,cellular,Putnam Lab URI -80C,Day8
20190801,601,35,EHA,1,molecular,Putnam Lab URI -80C,Day8
20190801,602,35,EHA,1,molecular,Putnam Lab URI -80C,Day8
20190801,603,35,EHA,1,molecular,Putnam Lab URI -80C,Day8
20190801,604,35,EHA,3,cellular,Putnam Lab URI -80C,Day8
20190801,605,36,AHA,1,molecular,Putnam Lab URI -80C,Day8
20190801,606,36,AHA,1,molecular,Putnam Lab URI -80C,Day8
20190801,607,36,AHA,1,molecular,Putnam Lab URI -80C,Day8
20190801,608,36,AHA,3,cellular,Putnam Lab URI -80C,Day8
20190804,609,1,EHM,1,molecular,Putnam Lab URI -80C,Day11
20190804,610,1,EHM,1,molecular,Putnam Lab URI -80C,Day11
20190804,611,1,EHM,3,cellular,Putnam Lab URI -80C,Day11
20190804,612,2,EHM,1,molecular,Putnam Lab URI -80C,Day11
20190804,613,2,EHM,1,molecular,Putnam Lab URI -80C,Day11
20190804,614,2,EHM,3,cellular,Putnam Lab URI -80C,Day11
20190804,615,3,EHM,1,molecular,Putnam Lab URI -80C,Day11
20190804,616,3,EHM,1,molecular,Putnam Lab URI -80C,Day11
20190804,617,3,EHM,3,cellular,Putnam Lab URI -80C,Day11
20190804,618,4,AHM,1,molecular,Putnam Lab URI -80C,Day11
20190804,619,4,AHM,1,molecular,Putnam Lab URI -80C,Day11
20190804,620,4,AHM,3,cellular,Putnam Lab URI -80C,Day11
20190804,621,5,AHM,1,molecular,Putnam Lab URI -80C,Day11
20190804,622,5,AHM,1,molecular,Putnam Lab URI -80C,Day11
20190804,623,5,AHM,3,cellular,Putnam Lab URI -80C,Day11
20190804,624,6,AHM,1,molecular,Putnam Lab URI -80C,Day11
20190804,625,6,AHM,1,molecular,Putnam Lab URI -80C,Day11
20190804,626,6,AHM,3,cellular,Putnam Lab URI -80C,Day11
20190804,627,7,EHM,1,molecular,Putnam Lab URI -80C,Day11
20190804,628,7,EHM,1,molecular,Putnam Lab URI -80C,Day11
20190804,629,7,EHM,3,cellular,Putnam Lab URI -80C,Day11
20190804,630,8,EHM,1,molecular,Putnam Lab URI -80C,Day11
20190804,631,8,EHM,1,molecular,Putnam Lab URI -80C,Day11
20190804,632,8,EHM,3,cellular,Putnam Lab URI -80C,Day11
20190804,633,9,EHM,1,molecular,Putnam Lab URI -80C,Day11
20190804,634,9,EHM,1,molecular,Putnam Lab URI -80C,Day11
20190804,635,9,EHM,3,cellular,Putnam Lab URI -80C,Day11
20190804,636,10,AHM,1,molecular,Putnam Lab URI -80C,Day11
20190804,637,10,AHM,1,molecular,Putnam Lab URI -80C,Day11
20190804,638,10,AHM,3,cellular,Putnam Lab URI -80C,Day11
20190804,639,11,AHM,1,molecular,Putnam Lab URI -80C,Day11
20190804,640,11,AHM,1,molecular,Putnam Lab URI -80C,Day11
20190804,641,11,AHM,3,cellular,Putnam Lab URI -80C,Day11
20190804,642,12,AHM,1,molecular,Putnam Lab URI -80C,Day11
20190804,643,12,AHM,1,molecular,Putnam Lab URI -80C,Day11
20190804,644,12,AHM,3,cellular,Putnam Lab URI -80C,Day11
20190804,645,13,EHS,1,molecular,Putnam Lab URI -80C,Day11
20190804,646,13,EHS,1,molecular,Putnam Lab URI -80C,Day11
20190804,647,13,EHS,3,cellular,Putnam Lab URI -80C,Day11
20190804,648,14,AHS,1,molecular,Putnam Lab URI -80C,Day11
20190804,649,14,AHS,1,molecular,Putnam Lab URI -80C,Day11
20190804,650,14,AHS,3,cellular,Putnam Lab URI -80C,Day11
20190804,651,15,AHS,1,molecular,Putnam Lab URI -80C,Day11
20190804,652,15,AHS,1,molecular,Putnam Lab URI -80C,Day11
20190804,653,15,AHS,3,cellular,Putnam Lab URI -80C,Day11
20190804,654,16,AHS,1,molecular,Putnam Lab URI -80C,Day11
20190804,655,16,AHS,1,molecular,Putnam Lab URI -80C,Day11
20190804,656,16,AHS,3,cellular,Putnam Lab URI -80C,Day11
20190804,657,17,EHS,1,molecular,Putnam Lab URI -80C,Day11
20190804,658,17,EHS,1,molecular,Putnam Lab URI -80C,Day11
20190804,659,17,EHS,3,cellular,Putnam Lab URI -80C,Day11
20190804,660,18,EHS,1,molecular,Putnam Lab URI -80C,Day11
20190804,661,18,EHS,1,molecular,Putnam Lab URI -80C,Day11
20190804,662,18,EHS,3,cellular,Putnam Lab URI -80C,Day11
20190804,663,19,AHS,1,molecular,Putnam Lab URI -80C,Day11
20190804,664,19,AHS,1,molecular,Putnam Lab URI -80C,Day11
20190804,665,19,AHS,3,cellular,Putnam Lab URI -80C,Day11
20190804,666,20,EHS,1,molecular,Putnam Lab URI -80C,Day11
20190804,667,20,EHS,1,molecular,Putnam Lab URI -80C,Day11
20190804,668,20,EHS,3,cellular,Putnam Lab URI -80C,Day11
20190804,669,21,AHS,1,molecular,Putnam Lab URI -80C,Day11
20190804,670,21,AHS,1,molecular,Putnam Lab URI -80C,Day11
20190804,671,21,AHS,3,cellular,Putnam Lab URI -80C,Day11
20190804,672,22,EHS,1,molecular,Putnam Lab URI -80C,Day11
20190804,673,22,EHS,1,molecular,Putnam Lab URI -80C,Day11
20190804,674,22,EHS,3,cellular,Putnam Lab URI -80C,Day11
20190804,675,23,EHS,1,molecular,Putnam Lab URI -80C,Day11
20190804,676,23,EHS,1,molecular,Putnam Lab URI -80C,Day11
20190804,677,23,EHS,3,cellular,Putnam Lab URI -80C,Day11
20190804,678,24,AHS,1,molecular,Putnam Lab URI -80C,Day11
20190804,679,24,AHS,1,molecular,Putnam Lab URI -80C,Day11
20190804,680,24,AHS,3,cellular,Putnam Lab URI -80C,Day11
20190804,681,25,AHA,1,molecular,Putnam Lab URI -80C,Day11
20190804,682,25,AHA,1,molecular,Putnam Lab URI -80C,Day11
20190804,683,25,AHA,3,cellular,Putnam Lab URI -80C,Day11
20190804,684,26,AHA,1,molecular,Putnam Lab URI -80C,Day11
20190804,685,26,AHA,1,molecular,Putnam Lab URI -80C,Day11
20190804,686,26,AHA,3,cellular,Putnam Lab URI -80C,Day11
20190804,687,27,EHA,1,molecular,Putnam Lab URI -80C,Day11
20190804,688,27,EHA,1,molecular,Putnam Lab URI -80C,Day11
20190804,689,27,EHA,3,cellular,Putnam Lab URI -80C,Day11
20190804,690,28,EHA,1,molecular,Putnam Lab URI -80C,Day11
20190804,691,28,EHA,1,molecular,Putnam Lab URI -80C,Day11
20190804,692,28,EHA,3,cellular,Putnam Lab URI -80C,Day11
20190804,693,29,EHA,1,molecular,Putnam Lab URI -80C,Day11
20190804,694,29,EHA,1,molecular,Putnam Lab URI -80C,Day11
20190804,695,29,EHA,3,cellular,Putnam Lab URI -80C,Day11
20190804,696,30,AHA,1,molecular,Putnam Lab URI -80C,Day11
20190804,697,30,AHA,1,molecular,Putnam Lab URI -80C,Day11
20190804,698,30,AHA,3,cellular,Putnam Lab URI -80C,Day11
20190804,699,31,EHA,1,molecular,Putnam Lab URI -80C,Day11
20190804,700,31,EHA,1,molecular,Putnam Lab URI -80C,Day11
20190804,701,31,EHA,3,cellular,Putnam Lab URI -80C,Day11
20190804,702,32,EHA,1,molecular,Putnam Lab URI -80C,Day11
20190804,703,32,EHA,1,molecular,Putnam Lab URI -80C,Day11
20190804,704,32,EHA,3,cellular,Putnam Lab URI -80C,Day11
20190804,705,33,AHA,1,molecular,Putnam Lab URI -80C,Day11
20190804,706,33,AHA,1,molecular,Putnam Lab URI -80C,Day11
20190804,707,33,AHA,3,cellular,Putnam Lab URI -80C,Day11
20190804,708,34,AHA,1,molecular,Putnam Lab URI -80C,Day11
20190804,709,34,AHA,1,molecular,Putnam Lab URI -80C,Day11
20190804,710,34,AHA,3,cellular,Putnam Lab URI -80C,Day11
20190804,711,35,EHA,1,molecular,Putnam Lab URI -80C,Day11
20190804,712,35,EHA,1,molecular,Putnam Lab URI -80C,Day11
20190804,713,35,EHA,3,cellular,Putnam Lab URI -80C,Day11
20190804,714,36,AHA,1,molecular,Putnam Lab URI -80C,Day11
20190804,715,36,AHA,1,molecular,Putnam Lab URI -80C,Day11
20190804,716,36,AHA,3,cellular,Putnam Lab URI -80C,Day11
20190807,717,1,EHM,1,molecular,Putnam Lab URI -80C,DAY14
20190807,718,1,EHM,1,molecular,Putnam Lab URI -80C,DAY14
20190807,719,1,EHM,1,molecular,Putnam Lab URI -80C,DAY14
20190807,720,1,EHM,3,cellular,Putnam Lab URI -80C,DAY14
20190807,721,2,EHM,1,molecular,Putnam Lab URI -80C,DAY14
20190807,722,2,EHM,1,molecular,Putnam Lab URI -80C,DAY14
20190807,723,2,EHM,1,molecular,Putnam Lab URI -80C,DAY14
20190807,724,2,EHM,3,cellular,Putnam Lab URI -80C,DAY14
20190807,725,3,EHM,1,molecular,Putnam Lab URI -80C,DAY14
20190807,726,3,EHM,1,molecular,Putnam Lab URI -80C,DAY14
20190807,727,3,EHM,1,molecular,Putnam Lab URI -80C,DAY14
20190807,728,3,EHM,3,cellular,Putnam Lab URI -80C,DAY14
20190807,729,4,AHM,1,molecular,Putnam Lab URI -80C,DAY14
20190807,730,4,AHM,1,molecular,Putnam Lab URI -80C,DAY14
20190807,731,4,AHM,1,molecular,Putnam Lab URI -80C,DAY14
20190807,732,4,AHM,3,cellular,Putnam Lab URI -80C,DAY14
20190807,733,5,AHM,1,molecular,Putnam Lab URI -80C,DAY14
20190807,734,5,AHM,1,molecular,Putnam Lab URI -80C,DAY14
20190807,735,5,AHM,1,molecular,Putnam Lab URI -80C,DAY14
20190807,736,5,AHM,3,cellular,Putnam Lab URI -80C,DAY14
20190807,737,6,AHM,1,molecular,Putnam Lab URI -80C,DAY14
20190807,738,6,AHM,1,molecular,Putnam Lab URI -80C,DAY14
20190807,739,6,AHM,1,molecular,Putnam Lab URI -80C,DAY14
20190807,740,6,AHM,3,cellular,Putnam Lab URI -80C,DAY14
20190807,741,7,EHM,1,molecular,Putnam Lab URI -80C,DAY14
20190807,742,7,EHM,1,molecular,Putnam Lab URI -80C,DAY14
20190807,743,7,EHM,1,molecular,Putnam Lab URI -80C,DAY14
20190807,744,7,EHM,3,cellular,Putnam Lab URI -80C,DAY14
20190807,745,8,EHM,1,molecular,Putnam Lab URI -80C,DAY14
20190807,746,8,EHM,1,molecular,Putnam Lab URI -80C,DAY14
20190807,747,8,EHM,1,molecular,Putnam Lab URI -80C,DAY14
20190807,748,8,EHM,3,cellular,Putnam Lab URI -80C,DAY14
20190807,749,9,EHM,1,molecular,Putnam Lab URI -80C,DAY14
20190807,750,9,EHM,1,molecular,Putnam Lab URI -80C,DAY14
20190807,751,9,EHM,1,molecular,Putnam Lab URI -80C,DAY14
20190807,752,9,EHM,3,cellular,Putnam Lab URI -80C,DAY14
20190807,753,10,AHM,1,molecular,Putnam Lab URI -80C,DAY14
20190807,754,10,AHM,1,molecular,Putnam Lab URI -80C,DAY14
20190807,755,10,AHM,1,molecular,Putnam Lab URI -80C,DAY14
20190807,756,10,AHM,3,cellular,Putnam Lab URI -80C,DAY14
20190807,757,11,AHM,1,molecular,Putnam Lab URI -80C,DAY14
20190807,758,11,AHM,1,molecular,Putnam Lab URI -80C,DAY14
20190807,759,11,AHM,1,molecular,Putnam Lab URI -80C,DAY14
20190807,760,11,AHM,3,cellular,Putnam Lab URI -80C,DAY14
20190807,761,12,AHM,1,molecular,Putnam Lab URI -80C,DAY14
20190807,762,12,AHM,1,molecular,Putnam Lab URI -80C,DAY14
20190807,763,12,AHM,1,molecular,Putnam Lab URI -80C,DAY14
20190807,764,12,AHM,3,cellular,Putnam Lab URI -80C,DAY14
20190807,765,13,EHS,1,molecular,Putnam Lab URI -80C,DAY14
20190807,766,13,EHS,1,molecular,Putnam Lab URI -80C,DAY14
20190807,767,13,EHS,1,molecular,Putnam Lab URI -80C,DAY14
20190807,768,13,EHS,3,cellular,Putnam Lab URI -80C,DAY14
20190807,769,14,AHS,1,molecular,Putnam Lab URI -80C,DAY14
20190807,770,14,AHS,1,molecular,Putnam Lab URI -80C,DAY14
20190807,771,14,AHS,1,molecular,Putnam Lab URI -80C,DAY14
20190807,772,14,AHS,3,cellular,Putnam Lab URI -80C,DAY14
20190807,773,15,AHS,1,molecular,Putnam Lab URI -80C,DAY14
20190807,774,15,AHS,1,molecular,Putnam Lab URI -80C,DAY14
20190807,775,15,AHS,1,molecular,Putnam Lab URI -80C,DAY14
20190807,776,15,AHS,3,cellular,Putnam Lab URI -80C,DAY14
20190807,777,16,AHS,1,molecular,Putnam Lab URI -80C,DAY14
20190807,778,16,AHS,1,molecular,Putnam Lab URI -80C,DAY14
20190807,779,16,AHS,1,molecular,Putnam Lab URI -80C,DAY14
20190807,780,16,AHS,3,cellular,Putnam Lab URI -80C,DAY14
20190807,781,17,EHS,1,molecular,Putnam Lab URI -80C,DAY14
20190807,782,17,EHS,1,molecular,Putnam Lab URI -80C,DAY14
20190807,783,17,EHS,1,molecular,Putnam Lab URI -80C,DAY14
20190807,784,17,EHS,3,cellular,Putnam Lab URI -80C,DAY14
20190807,785,18,EHS,1,molecular,Putnam Lab URI -80C,DAY14
20190807,786,18,EHS,1,molecular,Putnam Lab URI -80C,DAY14
20190807,787,18,EHS,1,molecular,Putnam Lab URI -80C,DAY14
20190807,788,18,EHS,3,cellular,Putnam Lab URI -80C,DAY14
20190807,789,19,AHS,1,molecular,Putnam Lab URI -80C,DAY14
20190807,790,19,AHS,1,molecular,Putnam Lab URI -80C,DAY14
20190807,791,19,AHS,1,molecular,Putnam Lab URI -80C,DAY14
20190807,792,19,AHS,3,cellular,Putnam Lab URI -80C,DAY14
20190807,793,20,EHS,1,molecular,Putnam Lab URI -80C,DAY14
20190807,794,20,EHS,1,molecular,Putnam Lab URI -80C,DAY14
20190807,795,20,EHS,1,molecular,Putnam Lab URI -80C,DAY14
20190807,796,20,EHS,3,cellular,Putnam Lab URI -80C,DAY14
20190807,797,21,AHS,1,molecular,Putnam Lab URI -80C,DAY14
20190807,798,21,AHS,1,molecular,Putnam Lab URI -80C,DAY14
20190807,799,21,AHS,1,molecular,Putnam Lab URI -80C,DAY14
20190807,800,21,AHS,3,cellular,Putnam Lab URI -80C,DAY14
20190807,801,22,EHS,1,molecular,Putnam Lab URI -80C,DAY14
20190807,802,22,EHS,1,molecular,Putnam Lab URI -80C,DAY14
20190807,803,22,EHS,1,molecular,Putnam Lab URI -80C,DAY14
20190807,804,22,EHS,3,cellular,Putnam Lab URI -80C,DAY14
20190807,805,23,EHS,1,molecular,Putnam Lab URI -80C,DAY14
20190807,806,23,EHS,1,molecular,Putnam Lab URI -80C,DAY14
20190807,807,23,EHS,1,molecular,Putnam Lab URI -80C,DAY14
20190807,808,23,EHS,3,cellular,Putnam Lab URI -80C,DAY14
20190807,809,24,AHS,1,molecular,Putnam Lab URI -80C,DAY14
20190807,810,24,AHS,1,molecular,Putnam Lab URI -80C,DAY14
20190807,811,24,AHS,1,molecular,Putnam Lab URI -80C,DAY14
20190807,812,24,AHS,3,cellular,Putnam Lab URI -80C,DAY14
20190807,813,25,AHA,1,molecular,Putnam Lab URI -80C,DAY14
20190807,814,25,AHA,1,molecular,Putnam Lab URI -80C,DAY14
20190807,815,25,AHA,1,molecular,Putnam Lab URI -80C,DAY14
20190807,816,25,AHA,3,cellular,Putnam Lab URI -80C,DAY14
20190807,817,26,AHA,1,molecular,Putnam Lab URI -80C,DAY14
20190807,818,26,AHA,1,molecular,Putnam Lab URI -80C,DAY14
20190807,819,26,AHA,1,molecular,Putnam Lab URI -80C,DAY14
20190807,820,26,AHA,3,cellular,Putnam Lab URI -80C,DAY14
20190807,821,27,EHA,1,molecular,Putnam Lab URI -80C,DAY14
20190807,822,27,EHA,1,molecular,Putnam Lab URI -80C,DAY14
20190807,823,27,EHA,1,molecular,Putnam Lab URI -80C,DAY14
20190807,824,27,EHA,3,cellular,Putnam Lab URI -80C,DAY14
20190807,825,28,EHA,1,molecular,Putnam Lab URI -80C,DAY14
20190807,826,28,EHA,1,molecular,Putnam Lab URI -80C,DAY14
20190807,827,28,EHA,1,molecular,Putnam Lab URI -80C,DAY14
20190807,828,28,EHA,3,cellular,Putnam Lab URI -80C,DAY14
20190807,829,29,EHA,1,molecular,Putnam Lab URI -80C,DAY14
20190807,830,29,EHA,1,molecular,Putnam Lab URI -80C,DAY14
20190807,831,29,EHA,1,molecular,Putnam Lab URI -80C,DAY14
20190807,832,29,EHA,3,cellular,Putnam Lab URI -80C,DAY14
20190807,833,30,AHA,1,molecular,Putnam Lab URI -80C,DAY14
20190807,834,30,AHA,1,molecular,Putnam Lab URI -80C,DAY14
20190807,835,30,AHA,1,molecular,Putnam Lab URI -80C,DAY14
20190807,836,30,AHA,3,cellular,Putnam Lab URI -80C,DAY14
20190807,837,31,EHA,1,molecular,Putnam Lab URI -80C,DAY14
20190807,838,31,EHA,1,molecular,Putnam Lab URI -80C,DAY14
20190807,839,31,EHA,1,molecular,Putnam Lab URI -80C,DAY14
20190807,840,31,EHA,3,cellular,Putnam Lab URI -80C,DAY14
20190807,841,32,EHA,1,molecular,Putnam Lab URI -80C,DAY14
20190807,842,32,EHA,1,molecular,Putnam Lab URI -80C,DAY14
20190807,843,32,EHA,1,molecular,Putnam Lab URI -80C,DAY14
20190807,844,32,EHA,3,cellular,Putnam Lab URI -80C,DAY14
20190807,845,33,AHA,1,molecular,Putnam Lab URI -80C,DAY14
20190807,846,33,AHA,1,molecular,Putnam Lab URI -80C,DAY14
20190807,847,33,AHA,1,molecular,Putnam Lab URI -80C,DAY14
20190807,848,33,AHA,3,cellular,Putnam Lab URI -80C,DAY14
20190807,849,34,AHA,1,molecular,Putnam Lab URI -80C,DAY14
20190807,850,34,AHA,1,molecular,Putnam Lab URI -80C,DAY14
20190807,851,34,AHA,1,molecular,Putnam Lab URI -80C,DAY14
20190807,852,34,AHA,3,cellular,Putnam Lab URI -80C,DAY14
20190807,853,35,EHA,1,molecular,Putnam Lab URI -80C,DAY14
20190807,854,35,EHA,1,molecular,Putnam Lab URI -80C,DAY14
20190807,855,35,EHA,1,molecular,Putnam Lab URI -80C,DAY14
20190807,856,35,EHA,3,cellular,Putnam Lab URI -80C,DAY14
20190807,857,36,AHA,1,molecular,Putnam Lab URI -80C,DAY14
20190807,858,36,AHA,1,molecular,Putnam Lab URI -80C,DAY14
20190807,859,36,AHA,1,molecular,Putnam Lab URI -80C,DAY14
20190807,860,36,AHA,3,cellular,Putnam Lab URI -80C,DAY14
20190808,861,19,,1,molecular,Putnam Lab URI -80C,DAY15
20190808,862,19,,1,molecular,Putnam Lab URI -80C,DAY15
20190808,863,19,,1,molecular,Putnam Lab URI -80C,DAY15
20190808,864,19,,3,cellular,Putnam Lab URI -80C,DAY15
20190808,865,25,,1,molecular,Putnam Lab URI -80C,DAY15
20190808,866,25,,1,molecular,Putnam Lab URI -80C,DAY15
20190808,867,25,,1,molecular,Putnam Lab URI -80C,DAY15
20190808,868,25,,3,cellular,Putnam Lab URI -80C,DAY15
20190808,869,31,,1,molecular,Putnam Lab URI -80C,DAY15
20190808,870,31,,1,molecular,Putnam Lab URI -80C,DAY15
20190808,871,31,,1,molecular,Putnam Lab URI -80C,DAY15
20190808,872,31,,3,cellular,Putnam Lab URI -80C,DAY15
20190808,873,20,,1,molecular,Putnam Lab URI -80C,DAY15
20190808,874,20,,1,molecular,Putnam Lab URI -80C,DAY15
20190808,875,20,,1,molecular,Putnam Lab URI -80C,DAY15
20190808,876,20,,3,cellular,Putnam Lab URI -80C,DAY15
20190808,877,63,,1,molecular,Putnam Lab URI -80C,DAY15
20190808,878,63,,1,molecular,Putnam Lab URI -80C,DAY15
20190808,879,63,,1,molecular,Putnam Lab URI -80C,DAY15
20190808,880,63,,3,cellular,Putnam Lab URI -80C,DAY15
20190808,881,69,,1,molecular,Putnam Lab URI -80C,DAY15
20190808,882,69,,1,molecular,Putnam Lab URI -80C,DAY15
20190808,883,69,,1,molecular,Putnam Lab URI -80C,DAY15
20190808,884,69,,3,cellular,Putnam Lab URI -80C,DAY15
20190808,885,1,,1,molecular,Putnam Lab URI -80C,DAY15
20190808,886,1,,1,molecular,Putnam Lab URI -80C,DAY15
20190808,887,1,,1,molecular,Putnam Lab URI -80C,DAY15
20190808,888,1,,3,cellular,Putnam Lab URI -80C,DAY15
20190808,889,38,,1,molecular,Putnam Lab URI -80C,DAY15
20190808,890,38,,1,molecular,Putnam Lab URI -80C,DAY15
20190808,891,38,,1,molecular,Putnam Lab URI -80C,DAY15
20190808,892,38,,3,cellular,Putnam Lab URI -80C,DAY15
20190808,893,3,,1,molecular,Putnam Lab URI -80C,DAY15
20190808,894,3,,1,molecular,Putnam Lab URI -80C,DAY15
20190808,895,3,,1,molecular,Putnam Lab URI -80C,DAY15
20190808,896,3,,3,cellular,Putnam Lab URI -80C,DAY15
20190808,897,40,,1,molecular,Putnam Lab URI -80C,DAY15
20190808,898,40,,1,molecular,Putnam Lab URI -80C,DAY15
20190808,899,40,,1,molecular,Putnam Lab URI -80C,DAY15
20190808,900,40,,3,cellular,Putnam Lab URI -80C,DAY15
20190808,901,5,,1,molecular,Putnam Lab URI -80C,DAY15
20190808,902,5,,1,molecular,Putnam Lab URI -80C,DAY15
20190808,903,5,,1,molecular,Putnam Lab URI -80C,DAY15
20190808,904,5,,3,cellular,Putnam Lab URI -80C,DAY15
20190808,905,42,,1,molecular,Putnam Lab URI -80C,DAY15
20190808,906,42,,1,molecular,Putnam Lab URI -80C,DAY15
20190808,907,42,,1,molecular,Putnam Lab URI -80C,DAY15
20190808,908,42,,3,cellular,Putnam Lab URI -80C,DAY15
20190808,909,22,,1,molecular,Putnam Lab URI -80C,DAY15
20190808,910,22,,1,molecular,Putnam Lab URI -80C,DAY15
20190808,911,22,,1,molecular,Putnam Lab URI -80C,DAY15
20190808,912,22,,3,cellular,Putnam Lab URI -80C,DAY15
20190808,913,28,,1,molecular,Putnam Lab URI -80C,DAY15
20190808,914,28,,1,molecular,Putnam Lab URI -80C,DAY15
20190808,915,28,,1,molecular,Putnam Lab URI -80C,DAY15
20190808,916,28,,3,cellular,Putnam Lab URI -80C,DAY15
20190808,917,34,,1,molecular,Putnam Lab URI -80C,DAY15
20190808,918,34,,1,molecular,Putnam Lab URI -80C,DAY15
20190808,919,34,,1,molecular,Putnam Lab URI -80C,DAY15
20190808,920,34,,3,cellular,Putnam Lab URI -80C,DAY15
20190808,921,57,,1,molecular,Putnam Lab URI -80C,DAY15
20190808,922,57,,1,molecular,Putnam Lab URI -80C,DAY15
20190808,923,57,,1,molecular,Putnam Lab URI -80C,DAY15
20190808,924,57,,3,cellular,Putnam Lab URI -80C,DAY15
20190808,925,62,,1,molecular,Putnam Lab URI -80C,DAY15
20190808,926,62,,1,molecular,Putnam Lab URI -80C,DAY15
20190808,927,62,,1,molecular,Putnam Lab URI -80C,DAY15
20190808,928,62,,3,cellular,Putnam Lab URI -80C,DAY15
20190808,929,68,,1,molecular,Putnam Lab URI -80C,DAY15
20190808,930,68,,1,molecular,Putnam Lab URI -80C,DAY15
20190808,931,68,,1,molecular,Putnam Lab URI -80C,DAY15
20190808,932,68,,3,cellular,Putnam Lab URI -80C,DAY15
20190808,933,43,,1,molecular,Putnam Lab URI -80C,DAY15
20190808,934,43,,1,molecular,Putnam Lab URI -80C,DAY15
20190808,935,43,,1,molecular,Putnam Lab URI -80C,DAY15
20190808,936,43,,3,cellular,Putnam Lab URI -80C,DAY15
20190808,937,8,,1,molecular,Putnam Lab URI -80C,DAY15
20190808,938,8,,1,molecular,Putnam Lab URI -80C,DAY15
20190808,939,8,,1,molecular,Putnam Lab URI -80C,DAY15
20190808,940,8,,3,cellular,Putnam Lab URI -80C,DAY15
20190808,941,45,,1,molecular,Putnam Lab URI -80C,DAY15
20190808,942,45,,1,molecular,Putnam Lab URI -80C,DAY15
20190808,943,45,,1,molecular,Putnam Lab URI -80C,DAY15
20190808,944,45,,3,cellular,Putnam Lab URI -80C,DAY15
20190808,945,10,,1,molecular,Putnam Lab URI -80C,DAY15
20190808,946,10,,1,molecular,Putnam Lab URI -80C,DAY15
20190808,947,10,,1,molecular,Putnam Lab URI -80C,DAY15
20190808,948,10,,3,cellular,Putnam Lab URI -80C,DAY15
20190808,949,47,,1,molecular,Putnam Lab URI -80C,DAY15
20190808,950,47,,1,molecular,Putnam Lab URI -80C,DAY15
20190808,951,47,,1,molecular,Putnam Lab URI -80C,DAY15
20190808,952,47,,3,cellular,Putnam Lab URI -80C,DAY15
20190808,953,12,,1,molecular,Putnam Lab URI -80C,DAY15
20190808,954,12,,1,molecular,Putnam Lab URI -80C,DAY15
20190808,955,12,,1,molecular,Putnam Lab URI -80C,DAY15
20190808,956,12,,3,cellular,Putnam Lab URI -80C,DAY15
20190808,957,46,,1,molecular,Putnam Lab URI -80C,DAY15
20190808,958,46,,1,molecular,Putnam Lab URI -80C,DAY15
20190808,959,46,,1,molecular,Putnam Lab URI -80C,DAY15
20190808,960,46,,3,cellular,Putnam Lab URI -80C,DAY15
20190808,961,4,,1,molecular,Putnam Lab URI -80C,DAY15
20190808,962,4,,1,molecular,Putnam Lab URI -80C,DAY15
20190808,963,4,,1,molecular,Putnam Lab URI -80C,DAY15
20190808,964,4,,3,cellular,Putnam Lab URI -80C,DAY15
20190808,965,13,,1,molecular,Putnam Lab URI -80C,DAY15
20190808,966,13,,1,molecular,Putnam Lab URI -80C,DAY15
20190808,967,13,,1,molecular,Putnam Lab URI -80C,DAY15
20190808,968,13,,3,cellular,Putnam Lab URI -80C,DAY15
20190808,969,37,,1,molecular,Putnam Lab URI -80C,DAY15
20190808,970,37,,1,molecular,Putnam Lab URI -80C,DAY15
20190808,971,37,,1,molecular,Putnam Lab URI -80C,DAY15
20190808,972,37,,3,cellular,Putnam Lab URI -80C,DAY15
20190808,973,7,,1,molecular,Putnam Lab URI -80C,DAY15
20190808,974,7,,1,molecular,Putnam Lab URI -80C,DAY15
20190808,975,7,,1,molecular,Putnam Lab URI -80C,DAY15
20190808,976,7,,3,cellular,Putnam Lab URI -80C,DAY15
20190808,977,50,,1,molecular,Putnam Lab URI -80C,DAY15
20190808,978,50,,1,molecular,Putnam Lab URI -80C,DAY15
20190808,979,50,,1,molecular,Putnam Lab URI -80C,DAY15
20190808,980,50,,3,cellular,Putnam Lab URI -80C,DAY15
20190808,981,55,,1,molecular,Putnam Lab URI -80C,DAY15
20190808,982,55,,1,molecular,Putnam Lab URI -80C,DAY15
20190808,983,55,,1,molecular,Putnam Lab URI -80C,DAY15
20190808,984,55,,3,cellular,Putnam Lab URI -80C,DAY15
20190808,985,56,,1,molecular,Putnam Lab URI -80C,DAY15
20190808,986,56,,1,molecular,Putnam Lab URI -80C,DAY15
20190808,987,56,,1,molecular,Putnam Lab URI -80C,DAY15
20190808,988,56,,3,cellular,Putnam Lab URI -80C,DAY15
20190808,989,21,,1,molecular,Putnam Lab URI -80C,DAY15
20190808,990,21,,1,molecular,Putnam Lab URI -80C,DAY15
20190808,991,21,,1,molecular,Putnam Lab URI -80C,DAY15
20190808,992,21,,3,cellular,Putnam Lab URI -80C,DAY15
20190808,993,58,,1,molecular,Putnam Lab URI -80C,DAY15
20190808,994,58,,1,molecular,Putnam Lab URI -80C,DAY15
20190808,995,58,,1,molecular,Putnam Lab URI -80C,DAY15
20190808,996,58,,3,cellular,Putnam Lab URI -80C,DAY15
20190808,997,23,,1,molecular,Putnam Lab URI -80C,DAY15
20190808,998,23,,1,molecular,Putnam Lab URI -80C,DAY15
20190808,999,23,,1,molecular,Putnam Lab URI -80C,DAY15
20190808,1000,23,,3,cellular,Putnam Lab URI -80C,DAY15
20190808,1001,24,,1,molecular,Putnam Lab URI -80C,DAY15
20190808,1002,24,,1,molecular,Putnam Lab URI -80C,DAY15
20190808,1003,24,,1,molecular,Putnam Lab URI -80C,DAY15
20190808,1004,24,,3,cellular,Putnam Lab URI -80C,DAY15
20190808,1005,59,,1,molecular,Putnam Lab URI -80C,DAY15
20190808,1006,59,,1,molecular,Putnam Lab URI -80C,DAY15
20190808,1007,59,,1,molecular,Putnam Lab URI -80C,DAY15
20190808,1008,59,,3,cellular,Putnam Lab URI -80C,DAY15
20190808,1009,60,,1,molecular,Putnam Lab URI -80C,DAY15
20190808,1010,60,,1,molecular,Putnam Lab URI -80C,DAY15
20190808,1011,60,,1,molecular,Putnam Lab URI -80C,DAY15
20190808,1012,60,,3,cellular,Putnam Lab URI -80C,DAY15
20190808,1013,35,,1,molecular,Putnam Lab URI -80C,DAY15
20190808,1014,35,,1,molecular,Putnam Lab URI -80C,DAY15
20190808,1015,35,,1,molecular,Putnam Lab URI -80C,DAY15
20190808,1016,35,,3,cellular,Putnam Lab URI -80C,DAY15
20190808,1017,30,,1,molecular,Putnam Lab URI -80C,DAY15
20190808,1018,30,,1,molecular,Putnam Lab URI -80C,DAY15
20190808,1019,30,,1,molecular,Putnam Lab URI -80C,DAY15
20190808,1020,30,,3,cellular,Putnam Lab URI -80C,DAY15
20190808,1021,65,,1,molecular,Putnam Lab URI -80C,DAY15
20190808,1022,65,,1,molecular,Putnam Lab URI -80C,DAY15
20190808,1023,65,,1,molecular,Putnam Lab URI -80C,DAY15
20190808,1024,65,,3,cellular,Putnam Lab URI -80C,DAY15
20190808,1025,72,,1,molecular,Putnam Lab URI -80C,DAY15
20190808,1026,72,,1,molecular,Putnam Lab URI -80C,DAY15
20190808,1027,72,,1,molecular,Putnam Lab URI -80C,DAY15
20190808,1028,72,,3,cellular,Putnam Lab URI -80C,DAY15
20190808,1029,49,,1,molecular,Putnam Lab URI -80C,DAY15
20190808,1030,49,,1,molecular,Putnam Lab URI -80C,DAY15
20190808,1031,49,,1,molecular,Putnam Lab URI -80C,DAY15
20190808,1032,49,,3,cellular,Putnam Lab URI -80C,DAY15
20190808,1033,14,,1,molecular,Putnam Lab URI -80C,DAY15
20190808,1034,14,,1,molecular,Putnam Lab URI -80C,DAY15
20190808,1035,14,,1,molecular,Putnam Lab URI -80C,DAY15
20190808,1036,14,,3,cellular,Putnam Lab URI -80C,DAY15
20190808,1037,51,,1,molecular,Putnam Lab URI -80C,DAY15
20190808,1038,51,,1,molecular,Putnam Lab URI -80C,DAY15
20190808,1039,51,,1,molecular,Putnam Lab URI -80C,DAY15
20190808,1040,51,,3,cellular,Putnam Lab URI -80C,DAY15
20190808,1041,16,,1,molecular,Putnam Lab URI -80C,DAY15
20190808,1042,16,,1,molecular,Putnam Lab URI -80C,DAY15
20190808,1043,16,,1,molecular,Putnam Lab URI -80C,DAY15
20190808,1044,16,,3,cellular,Putnam Lab URI -80C,DAY15
20190808,1045,17,,1,molecular,Putnam Lab URI -80C,DAY15
20190808,1046,17,,1,molecular,Putnam Lab URI -80C,DAY15
20190808,1047,17,,1,molecular,Putnam Lab URI -80C,DAY15
20190808,1048,17,,3,cellular,Putnam Lab URI -80C,DAY15
20190808,1049,54,,1,molecular,Putnam Lab URI -80C,DAY15
20190808,1050,54,,1,molecular,Putnam Lab URI -80C,DAY15
20190808,1051,54,,1,molecular,Putnam Lab URI -80C,DAY15
20190808,1052,54,,3,cellular,Putnam Lab URI -80C,DAY15
20190808,1053,2,,1,molecular,Putnam Lab URI -80C,DAY15
20190808,1054,2,,1,molecular,Putnam Lab URI -80C,DAY15
20190808,1055,2,,1,molecular,Putnam Lab URI -80C,DAY15
20190808,1056,2,,3,cellular,Putnam Lab URI -80C,DAY15
20190808,1057,44,,1,molecular,Putnam Lab URI -80C,DAY15
20190808,1058,44,,1,molecular,Putnam Lab URI -80C,DAY15
20190808,1059,44,,1,molecular,Putnam Lab URI -80C,DAY15
20190808,1060,44,,3,cellular,Putnam Lab URI -80C,DAY15
20190808,1061,15,,1,molecular,Putnam Lab URI -80C,DAY15
20190808,1062,15,,1,molecular,Putnam Lab URI -80C,DAY15
20190808,1063,15,,1,molecular,Putnam Lab URI -80C,DAY15
20190808,1064,15,,3,cellular,Putnam Lab URI -80C,DAY15
20190808,1065,11,,1,molecular,Putnam Lab URI -80C,DAY15
20190808,1066,11,,1,molecular,Putnam Lab URI -80C,DAY15
20190808,1067,11,,1,molecular,Putnam Lab URI -80C,DAY15
20190808,1068,11,,3,cellular,Putnam Lab URI -80C,DAY15
20190808,1069,41,,1,molecular,Putnam Lab URI -80C,DAY15
20190808,1070,41,,1,molecular,Putnam Lab URI -80C,DAY15
20190808,1071,41,,1,molecular,Putnam Lab URI -80C,DAY15
20190808,1072,41,,3,cellular,Putnam Lab URI -80C,DAY15
20190808,1073,53,,1,molecular,Putnam Lab URI -80C,DAY15
20190808,1074,53,,1,molecular,Putnam Lab URI -80C,DAY15
20190808,1075,53,,1,molecular,Putnam Lab URI -80C,DAY15
20190808,1076,53,,3,cellular,Putnam Lab URI -80C,DAY15
20190808,1077,61,,1,molecular,Putnam Lab URI -80C,DAY15
20190808,1078,61,,1,molecular,Putnam Lab URI -80C,DAY15
20190808,1079,61,,1,molecular,Putnam Lab URI -80C,DAY15
20190808,1080,61,,3,cellular,Putnam Lab URI -80C,DAY15
20190808,1081,26,,1,molecular,Putnam Lab URI -80C,DAY15
20190808,1082,26,,1,molecular,Putnam Lab URI -80C,DAY15
20190808,1083,26,,1,molecular,Putnam Lab URI -80C,DAY15
20190808,1084,26,,3,cellular,Putnam Lab URI -80C,DAY15
20190808,1085,27,,1,molecular,Putnam Lab URI -80C,DAY15
20190808,1086,27,,1,molecular,Putnam Lab URI -80C,DAY15
20190808,1087,27,,1,molecular,Putnam Lab URI -80C,DAY15
20190808,1088,27,,3,cellular,Putnam Lab URI -80C,DAY15
20190808,1089,64,,1,molecular,Putnam Lab URI -80C,DAY15
20190808,1090,64,,1,molecular,Putnam Lab URI -80C,DAY15
20190808,1091,64,,1,molecular,Putnam Lab URI -80C,DAY15
20190808,1092,64,,3,cellular,Putnam Lab URI -80C,DAY15
20190808,1093,29,,1,molecular,Putnam Lab URI -80C,DAY15
20190808,1094,29,,1,molecular,Putnam Lab URI -80C,DAY15
20190808,1095,29,,1,molecular,Putnam Lab URI -80C,DAY15
20190808,1096,29,,3,cellular,Putnam Lab URI -80C,DAY15
20190808,1097,66,,1,molecular,Putnam Lab URI -80C,DAY15
20190808,1098,66,,1,molecular,Putnam Lab URI -80C,DAY15
20190808,1099,66,,1,molecular,Putnam Lab URI -80C,DAY15
20190808,1100,66,,3,cellular,Putnam Lab URI -80C,DAY15
20190808,1101,6,,1,molecular,Putnam Lab URI -80C,DAY15
20190808,1102,6,,1,molecular,Putnam Lab URI -80C,DAY15
20190808,1103,6,,1,molecular,Putnam Lab URI -80C,DAY15
20190808,1104,6,,3,cellular,Putnam Lab URI -80C,DAY15
20190808,1105,9,,1,molecular,Putnam Lab URI -80C,DAY15
20190808,1106,9,,1,molecular,Putnam Lab URI -80C,DAY15
20190808,1107,9,,1,molecular,Putnam Lab URI -80C,DAY15
20190808,1108,9,,3,cellular,Putnam Lab URI -80C,DAY15
20190808,1109,52,,1,molecular,Putnam Lab URI -80C,DAY15
20190808,1110,52,,1,molecular,Putnam Lab URI -80C,DAY15
20190808,1111,52,,1,molecular,Putnam Lab URI -80C,DAY15
20190808,1112,52,,3,cellular,Putnam Lab URI -80C,DAY15
20190808,1113,39,,1,molecular,Putnam Lab URI -80C,DAY15
20190808,1114,39,,1,molecular,Putnam Lab URI -80C,DAY15
20190808,1115,39,,1,molecular,Putnam Lab URI -80C,DAY15
20190808,1116,39,,3,cellular,Putnam Lab URI -80C,DAY15
20190808,1117,48,,1,molecular,Putnam Lab URI -80C,DAY15
20190808,1118,48,,1,molecular,Putnam Lab URI -80C,DAY15
20190808,1119,48,,1,molecular,Putnam Lab URI -80C,DAY15
20190808,1120,48,,3,cellular,Putnam Lab URI -80C,DAY15
20190808,1121,18,,1,molecular,Putnam Lab URI -80C,DAY15
20190808,1122,18,,1,molecular,Putnam Lab URI -80C,DAY15
20190808,1123,18,,1,molecular,Putnam Lab URI -80C,DAY15
20190808,1124,18,,3,cellular,Putnam Lab URI -80C,DAY15
20190808,1125,67,,1,molecular,Putnam Lab URI -80C,DAY15
20190808,1126,67,,1,molecular,Putnam Lab URI -80C,DAY15
20190808,1127,67,,1,molecular,Putnam Lab URI -80C,DAY15
20190808,1128,67,,3,cellular,Putnam Lab URI -80C,DAY15
20190808,1129,32,,1,molecular,Putnam Lab URI -80C,DAY15
20190808,1130,32,,1,molecular,Putnam Lab URI -80C,DAY15
20190808,1131,32,,1,molecular,Putnam Lab URI -80C,DAY15
20190808,1132,32,,3,cellular,Putnam Lab URI -80C,DAY15
20190808,1133,33,,1,molecular,Putnam Lab URI -80C,DAY15
20190808,1134,33,,1,molecular,Putnam Lab URI -80C,DAY15
20190808,1135,33,,1,molecular,Putnam Lab URI -80C,DAY15
20190808,1136,33,,3,cellular,Putnam Lab URI -80C,DAY15
20190808,1137,70,,1,molecular,Putnam Lab URI -80C,DAY15
20190808,1138,70,,1,molecular,Putnam Lab URI -80C,DAY15
20190808,1139,70,,1,molecular,Putnam Lab URI -80C,DAY15
20190808,1140,70,,3,cellular,Putnam Lab URI -80C,DAY15
20190808,1141,71,,1,molecular,Putnam Lab URI -80C,DAY15
20190808,1142,71,,1,molecular,Putnam Lab URI -80C,DAY15
20190808,1143,71,,1,molecular,Putnam Lab URI -80C,DAY15
20190808,1144,71,,3,cellular,Putnam Lab URI -80C,DAY15
20190808,1145,36,,1,molecular,Putnam Lab URI -80C,DAY15
20190808,1146,36,,1,molecular,Putnam Lab URI -80C,DAY15
20190808,1147,36,,1,molecular,Putnam Lab URI -80C,DAY15
20190808,1148,36,,3,cellular,Putnam Lab URI -80C,DAY15
20190811,1149,19,,1,molecular,Putnam Lab URI -80C,DAY18
20190811,1150,19,,1,molecular,Putnam Lab URI -80C,DAY18
20190811,1151,19,,1,molecular,Putnam Lab URI -80C,DAY18
20190811,1152,19,,3,cellular,Putnam Lab URI -80C,DAY18
20190811,1153,25,,1,molecular,Putnam Lab URI -80C,DAY18
20190811,1154,25,,1,molecular,Putnam Lab URI -80C,DAY18
20190811,1155,25,,1,molecular,Putnam Lab URI -80C,DAY18
20190811,1156,25,,3,cellular,Putnam Lab URI -80C,DAY18
20190811,1157,31,,1,molecular,Putnam Lab URI -80C,DAY18
20190811,1158,31,,1,molecular,Putnam Lab URI -80C,DAY18
20190811,1159,31,,1,molecular,Putnam Lab URI -80C,DAY18
20190811,1160,31,,3,cellular,Putnam Lab URI -80C,DAY18
20190811,1161,20,,1,molecular,Putnam Lab URI -80C,DAY18
20190811,1162,20,,1,molecular,Putnam Lab URI -80C,DAY18
20190811,1163,20,,1,molecular,Putnam Lab URI -80C,DAY18
20190811,1164,20,,3,cellular,Putnam Lab URI -80C,DAY18
20190811,1165,69,,1,molecular,Putnam Lab URI -80C,DAY18
20190811,1166,69,,1,molecular,Putnam Lab URI -80C,DAY18
20190811,1167,69,,1,molecular,Putnam Lab URI -80C,DAY18
20190811,1168,69,,3,cellular,Putnam Lab URI -80C,DAY18
20190811,1169,63,,1,molecular,Putnam Lab URI -80C,DAY18
20190811,1170,63,,1,molecular,Putnam Lab URI -80C,DAY18
20190811,1171,63,,1,molecular,Putnam Lab URI -80C,DAY18
20190811,1172,63,,3,cellular,Putnam Lab URI -80C,DAY18
20190811,1173,1,,1,molecular,Putnam Lab URI -80C,DAY18
20190811,1174,1,,1,molecular,Putnam Lab URI -80C,DAY18
20190811,1175,1,,1,molecular,Putnam Lab URI -80C,DAY18
20190811,1176,1,,3,cellular,Putnam Lab URI -80C,DAY18
20190811,1177,38,,1,molecular,Putnam Lab URI -80C,DAY18
20190811,1178,38,,1,molecular,Putnam Lab URI -80C,DAY18
20190811,1179,38,,1,molecular,Putnam Lab URI -80C,DAY18
20190811,1180,38,,3,cellular,Putnam Lab URI -80C,DAY18
20190811,1181,3,,1,molecular,Putnam Lab URI -80C,DAY18
20190811,1182,3,,1,molecular,Putnam Lab URI -80C,DAY18
20190811,1183,3,,1,molecular,Putnam Lab URI -80C,DAY18
20190811,1184,3,,3,cellular,Putnam Lab URI -80C,DAY18
20190811,1185,40,,1,molecular,Putnam Lab URI -80C,DAY18
20190811,1186,40,,1,molecular,Putnam Lab URI -80C,DAY18
20190811,1187,40,,1,molecular,Putnam Lab URI -80C,DAY18
20190811,1188,40,,3,cellular,Putnam Lab URI -80C,DAY18
20190811,1189,5,,1,molecular,Putnam Lab URI -80C,DAY18
20190811,1190,5,,1,molecular,Putnam Lab URI -80C,DAY18
20190811,1191,5,,1,molecular,Putnam Lab URI -80C,DAY18
20190811,1192,5,,3,cellular,Putnam Lab URI -80C,DAY18
20190811,1193,42,,1,molecular,Putnam Lab URI -80C,DAY18
20190811,1194,42,,1,molecular,Putnam Lab URI -80C,DAY18
20190811,1195,42,,1,molecular,Putnam Lab URI -80C,DAY18
20190811,1196,42,,3,cellular,Putnam Lab URI -80C,DAY18
20190811,1197,22,,1,molecular,Putnam Lab URI -80C,DAY18
20190811,1198,22,,1,molecular,Putnam Lab URI -80C,DAY18
20190811,1199,22,,1,molecular,Putnam Lab URI -80C,DAY18
20190811,1200,22,,3,cellular,Putnam Lab URI -80C,DAY18
20190811,1201,28,,1,molecular,Putnam Lab URI -80C,DAY18
20190811,1202,28,,1,molecular,Putnam Lab URI -80C,DAY18
20190811,1203,28,,1,molecular,Putnam Lab URI -80C,DAY18
20190811,1204,28,,3,cellular,Putnam Lab URI -80C,DAY18
20190811,1205,34,,1,molecular,Putnam Lab URI -80C,DAY18
20190811,1206,34,,1,molecular,Putnam Lab URI -80C,DAY18
20190811,1207,34,,1,molecular,Putnam Lab URI -80C,DAY18
20190811,1208,34,,3,cellular,Putnam Lab URI -80C,DAY18
20190811,1209,57,,1,molecular,Putnam Lab URI -80C,DAY18
20190811,1210,57,,1,molecular,Putnam Lab URI -80C,DAY18
20190811,1211,57,,1,molecular,Putnam Lab URI -80C,DAY18
20190811,1212,57,,3,cellular,Putnam Lab URI -80C,DAY18
20190811,1213,62,,1,molecular,Putnam Lab URI -80C,DAY18
20190811,1214,62,,1,molecular,Putnam Lab URI -80C,DAY18
20190811,1215,62,,1,molecular,Putnam Lab URI -80C,DAY18
20190811,1216,62,,3,cellular,Putnam Lab URI -80C,DAY18
20190811,1217,68,,1,molecular,Putnam Lab URI -80C,DAY18
20190811,1218,68,,1,molecular,Putnam Lab URI -80C,DAY18
20190811,1219,68,,1,molecular,Putnam Lab URI -80C,DAY18
20190811,1220,68,,3,cellular,Putnam Lab URI -80C,DAY18
20190811,1221,43,,1,molecular,Putnam Lab URI -80C,DAY18
20190811,1222,43,,1,molecular,Putnam Lab URI -80C,DAY18
20190811,1223,43,,1,molecular,Putnam Lab URI -80C,DAY18
20190811,1224,43,,3,cellular,Putnam Lab URI -80C,DAY18
20190811,1225,8,,1,molecular,Putnam Lab URI -80C,DAY18
20190811,1226,8,,1,molecular,Putnam Lab URI -80C,DAY18
20190811,1227,8,,1,molecular,Putnam Lab URI -80C,DAY18
20190811,1228,8,,3,cellular,Putnam Lab URI -80C,DAY18
20190811,1229,45,,1,molecular,Putnam Lab URI -80C,DAY18
20190811,1230,45,,1,molecular,Putnam Lab URI -80C,DAY18
20190811,1231,45,,1,molecular,Putnam Lab URI -80C,DAY18
20190811,1232,45,,3,cellular,Putnam Lab URI -80C,DAY18
20190811,1233,10,,1,molecular,Putnam Lab URI -80C,DAY18
20190811,1234,10,,1,molecular,Putnam Lab URI -80C,DAY18
20190811,1235,10,,1,molecular,Putnam Lab URI -80C,DAY18
20190811,1236,10,,3,cellular,Putnam Lab URI -80C,DAY18
20190811,1237,47,,1,molecular,Putnam Lab URI -80C,DAY18
20190811,1238,47,,1,molecular,Putnam Lab URI -80C,DAY18
20190811,1239,47,,1,molecular,Putnam Lab URI -80C,DAY18
20190811,1240,47,,3,cellular,Putnam Lab URI -80C,DAY18
20190811,1241,12,,1,molecular,Putnam Lab URI -80C,DAY18
20190811,1242,12,,1,molecular,Putnam Lab URI -80C,DAY18
20190811,1243,12,,1,molecular,Putnam Lab URI -80C,DAY18
20190811,1244,12,,3,cellular,Putnam Lab URI -80C,DAY18
20190811,1245,59,,1,molecular,Putnam Lab URI -80C,DAY18
20190811,1246,59,,1,molecular,Putnam Lab URI -80C,DAY18
20190811,1247,59,,1,molecular,Putnam Lab URI -80C,DAY18
20190811,1248,59,,3,cellular,Putnam Lab URI -80C,DAY18
20190811,1249,60,,1,molecular,Putnam Lab URI -80C,DAY18
20190811,1250,60,,1,molecular,Putnam Lab URI -80C,DAY18
20190811,1251,60,,1,molecular,Putnam Lab URI -80C,DAY18
20190811,1252,60,,3,cellular,Putnam Lab URI -80C,DAY18
20190811,1253,35,,1,molecular,Putnam Lab URI -80C,DAY18
20190811,1254,35,,1,molecular,Putnam Lab URI -80C,DAY18
20190811,1255,35,,1,molecular,Putnam Lab URI -80C,DAY18
20190811,1256,35,,3,cellular,Putnam Lab URI -80C,DAY18
20190811,1257,30,,1,molecular,Putnam Lab URI -80C,DAY18
20190811,1258,30,,1,molecular,Putnam Lab URI -80C,DAY18
20190811,1259,30,,1,molecular,Putnam Lab URI -80C,DAY18
20190811,1260,30,,3,cellular,Putnam Lab URI -80C,DAY18
20190811,1261,65,,1,molecular,Putnam Lab URI -80C,DAY18
20190811,1262,65,,1,molecular,Putnam Lab URI -80C,DAY18
20190811,1263,65,,1,molecular,Putnam Lab URI -80C,DAY18
20190811,1264,65,,3,cellular,Putnam Lab URI -80C,DAY18
20190811,1265,72,,1,molecular,Putnam Lab URI -80C,DAY18
20190811,1266,72,,1,molecular,Putnam Lab URI -80C,DAY18
20190811,1267,72,,1,molecular,Putnam Lab URI -80C,DAY18
20190811,1268,72,,3,cellular,Putnam Lab URI -80C,DAY18
20190811,1269,49,,1,molecular,Putnam Lab URI -80C,DAY18
20190811,1270,49,,1,molecular,Putnam Lab URI -80C,DAY18
20190811,1271,49,,1,molecular,Putnam Lab URI -80C,DAY18
20190811,1272,49,,3,cellular,Putnam Lab URI -80C,DAY18
20190811,1273,14,,1,molecular,Putnam Lab URI -80C,DAY18
20190811,1274,14,,1,molecular,Putnam Lab URI -80C,DAY18
20190811,1275,14,,1,molecular,Putnam Lab URI -80C,DAY18
20190811,1276,14,,3,cellular,Putnam Lab URI -80C,DAY18
20190811,1277,51,,1,molecular,Putnam Lab URI -80C,DAY18
20190811,1278,51,,1,molecular,Putnam Lab URI -80C,DAY18
20190811,1279,51,,1,molecular,Putnam Lab URI -80C,DAY18
20190811,1280,51,,3,cellular,Putnam Lab URI -80C,DAY18
20190811,1281,16,,1,molecular,Putnam Lab URI -80C,DAY18
20190811,1282,16,,1,molecular,Putnam Lab URI -80C,DAY18
20190811,1283,16,,1,molecular,Putnam Lab URI -80C,DAY18
20190811,1284,16,,3,cellular,Putnam Lab URI -80C,DAY18
20190811,1285,17,,1,molecular,Putnam Lab URI -80C,DAY18
20190811,1286,17,,1,molecular,Putnam Lab URI -80C,DAY18
20190811,1287,17,,1,molecular,Putnam Lab URI -80C,DAY18
20190811,1288,17,,3,cellular,Putnam Lab URI -80C,DAY18
20190811,1289,54,,1,molecular,Putnam Lab URI -80C,DAY18
20190811,1290,54,,1,molecular,Putnam Lab URI -80C,DAY18
20190811,1291,54,,1,molecular,Putnam Lab URI -80C,DAY18
20190811,1292,54,,3,cellular,Putnam Lab URI -80C,DAY18
20190811,1293,46,,1,molecular,Putnam Lab URI -80C,DAY18
20190811,1294,46,,1,molecular,Putnam Lab URI -80C,DAY18
20190811,1295,46,,1,molecular,Putnam Lab URI -80C,DAY18
20190811,1296,46,,3,cellular,Putnam Lab URI -80C,DAY18
20190811,1297,4,,1,molecular,Putnam Lab URI -80C,DAY18
20190811,1298,4,,1,molecular,Putnam Lab URI -80C,DAY18
20190811,1299,4,,1,molecular,Putnam Lab URI -80C,DAY18
20190811,1300,4,,3,cellular,Putnam Lab URI -80C,DAY18
20190811,1301,13,,1,molecular,Putnam Lab URI -80C,DAY18
20190811,1302,13,,1,molecular,Putnam Lab URI -80C,DAY18
20190811,1303,13,,1,molecular,Putnam Lab URI -80C,DAY18
20190811,1304,13,,3,cellular,Putnam Lab URI -80C,DAY18
20190811,1305,37,,1,molecular,Putnam Lab URI -80C,DAY18
20190811,1306,37,,1,molecular,Putnam Lab URI -80C,DAY18
20190811,1307,37,,1,molecular,Putnam Lab URI -80C,DAY18
20190811,1308,37,,3,cellular,Putnam Lab URI -80C,DAY18
20190811,1309,7,,1,molecular,Putnam Lab URI -80C,DAY18
20190811,1310,7,,1,molecular,Putnam Lab URI -80C,DAY18
20190811,1311,7,,1,molecular,Putnam Lab URI -80C,DAY18
20190811,1312,7,,3,cellular,Putnam Lab URI -80C,DAY18
20190811,1313,50,,1,molecular,Putnam Lab URI -80C,DAY18
20190811,1314,50,,1,molecular,Putnam Lab URI -80C,DAY18
20190811,1315,50,,1,molecular,Putnam Lab URI -80C,DAY18
20190811,1316,50,,3,cellular,Putnam Lab URI -80C,DAY18
20190811,1317,55,,1,molecular,Putnam Lab URI -80C,DAY18
20190811,1318,55,,1,molecular,Putnam Lab URI -80C,DAY18
20190811,1319,55,,1,molecular,Putnam Lab URI -80C,DAY18
20190811,1320,55,,3,cellular,Putnam Lab URI -80C,DAY18
20190811,1321,56,,1,molecular,Putnam Lab URI -80C,DAY18
20190811,1322,56,,1,molecular,Putnam Lab URI -80C,DAY18
20190811,1323,56,,1,molecular,Putnam Lab URI -80C,DAY18
20190811,1324,56,,3,cellular,Putnam Lab URI -80C,DAY18
20190811,1325,21,,1,molecular,Putnam Lab URI -80C,DAY18
20190811,1326,21,,1,molecular,Putnam Lab URI -80C,DAY18
20190811,1327,21,,1,molecular,Putnam Lab URI -80C,DAY18
20190811,1328,21,,3,cellular,Putnam Lab URI -80C,DAY18
20190811,1329,58,,1,molecular,Putnam Lab URI -80C,DAY18
20190811,1330,58,,1,molecular,Putnam Lab URI -80C,DAY18
20190811,1331,58,,1,molecular,Putnam Lab URI -80C,DAY18
20190811,1332,58,,3,cellular,Putnam Lab URI -80C,DAY18
20190811,1333,23,,1,molecular,Putnam Lab URI -80C,DAY18
20190811,1334,23,,1,molecular,Putnam Lab URI -80C,DAY18
20190811,1335,23,,1,molecular,Putnam Lab URI -80C,DAY18
20190811,1336,23,,3,cellular,Putnam Lab URI -80C,DAY18
20190811,1337,24,,1,molecular,Putnam Lab URI -80C,DAY18
20190811,1338,24,,1,molecular,Putnam Lab URI -80C,DAY18
20190811,1339,24,,1,molecular,Putnam Lab URI -80C,DAY18
20190811,1340,24,,3,cellular,Putnam Lab URI -80C,DAY18
20190811,1341,2,,1,molecular,Putnam Lab URI -80C,DAY18
20190811,1342,2,,1,molecular,Putnam Lab URI -80C,DAY18
20190811,1343,2,,1,molecular,Putnam Lab URI -80C,DAY18
20190811,1344,2,,3,cellular,Putnam Lab URI -80C,DAY18
20190811,1345,44,,1,molecular,Putnam Lab URI -80C,DAY18
20190811,1346,44,,1,molecular,Putnam Lab URI -80C,DAY18
20190811,1347,44,,1,molecular,Putnam Lab URI -80C,DAY18
20190811,1348,44,,3,cellular,Putnam Lab URI -80C,DAY18
20190811,1349,15,,1,molecular,Putnam Lab URI -80C,DAY18
20190811,1350,15,,1,molecular,Putnam Lab URI -80C,DAY18
20190811,1351,15,,1,molecular,Putnam Lab URI -80C,DAY18
20190811,1352,15,,3,cellular,Putnam Lab URI -80C,DAY18
20190811,1353,11,,1,molecular,Putnam Lab URI -80C,DAY18
20190811,1354,11,,1,molecular,Putnam Lab URI -80C,DAY18
20190811,1355,11,,1,molecular,Putnam Lab URI -80C,DAY18
20190811,1356,11,,3,cellular,Putnam Lab URI -80C,DAY18
20190811,1357,41,,1,molecular,Putnam Lab URI -80C,DAY18
20190811,1358,41,,1,molecular,Putnam Lab URI -80C,DAY18
20190811,1359,41,,1,molecular,Putnam Lab URI -80C,DAY18
20190811,1360,41,,3,cellular,Putnam Lab URI -80C,DAY18
20190811,1361,53,,1,molecular,Putnam Lab URI -80C,DAY18
20190811,1362,53,,1,molecular,Putnam Lab URI -80C,DAY18
20190811,1363,53,,1,molecular,Putnam Lab URI -80C,DAY18
20190811,1364,53,,3,cellular,Putnam Lab URI -80C,DAY18
20190811,1365,61,,1,molecular,Putnam Lab URI -80C,DAY18
20190811,1366,61,,1,molecular,Putnam Lab URI -80C,DAY18
20190811,1367,61,,1,molecular,Putnam Lab URI -80C,DAY18
20190811,1368,61,,3,cellular,Putnam Lab URI -80C,DAY18
20190811,1369,26,,1,molecular,Putnam Lab URI -80C,DAY18
20190811,1370,26,,1,molecular,Putnam Lab URI -80C,DAY18
20190811,1371,26,,1,molecular,Putnam Lab URI -80C,DAY18
20190811,1372,26,,3,cellular,Putnam Lab URI -80C,DAY18
20190811,1373,27,,1,molecular,Putnam Lab URI -80C,DAY18
20190811,1374,27,,1,molecular,Putnam Lab URI -80C,DAY18
20190811,1375,27,,1,molecular,Putnam Lab URI -80C,DAY18
20190811,1376,27,,3,cellular,Putnam Lab URI -80C,DAY18
20190811,1377,64,,1,molecular,Putnam Lab URI -80C,DAY18
20190811,1378,64,,1,molecular,Putnam Lab URI -80C,DAY18
20190811,1379,64,,1,molecular,Putnam Lab URI -80C,DAY18
20190811,1380,64,,3,cellular,Putnam Lab URI -80C,DAY18
20190811,1381,29,,1,molecular,Putnam Lab URI -80C,DAY18
20190811,1382,29,,1,molecular,Putnam Lab URI -80C,DAY18
20190811,1383,29,,1,molecular,Putnam Lab URI -80C,DAY18
20190811,1384,29,,3,cellular,Putnam Lab URI -80C,DAY18
20190811,1385,66,,1,molecular,Putnam Lab URI -80C,DAY18
20190811,1386,66,,1,molecular,Putnam Lab URI -80C,DAY18
20190811,1387,66,,1,molecular,Putnam Lab URI -80C,DAY18
20190811,1388,66,,3,cellular,Putnam Lab URI -80C,DAY18
20190811,1389,6,,1,molecular,Putnam Lab URI -80C,DAY18
20190811,1390,6,,1,molecular,Putnam Lab URI -80C,DAY18
20190811,1391,6,,1,molecular,Putnam Lab URI -80C,DAY18
20190811,1392,6,,3,cellular,Putnam Lab URI -80C,DAY18
20190811,1393,9,,1,molecular,Putnam Lab URI -80C,DAY18
20190811,1394,9,,1,molecular,Putnam Lab URI -80C,DAY18
20190811,1395,9,,1,molecular,Putnam Lab URI -80C,DAY18
20190811,1396,9,,3,cellular,Putnam Lab URI -80C,DAY18
20190811,1397,52,,1,molecular,Putnam Lab URI -80C,DAY18
20190811,1398,52,,1,molecular,Putnam Lab URI -80C,DAY18
20190811,1399,52,,1,molecular,Putnam Lab URI -80C,DAY18
20190811,1400,52,,3,cellular,Putnam Lab URI -80C,DAY18
20190811,1401,39,,1,molecular,Putnam Lab URI -80C,DAY18
20190811,1402,39,,1,molecular,Putnam Lab URI -80C,DAY18
20190811,1403,39,,1,molecular,Putnam Lab URI -80C,DAY18
20190811,1404,39,,3,cellular,Putnam Lab URI -80C,DAY18
20190811,1405,48,,1,molecular,Putnam Lab URI -80C,DAY18
20190811,1406,48,,1,molecular,Putnam Lab URI -80C,DAY18
20190811,1407,48,,1,molecular,Putnam Lab URI -80C,DAY18
20190811,1408,48,,3,cellular,Putnam Lab URI -80C,DAY18
20190811,1409,18,,1,molecular,Putnam Lab URI -80C,DAY18
20190811,1410,18,,1,molecular,Putnam Lab URI -80C,DAY18
20190811,1411,18,,1,molecular,Putnam Lab URI -80C,DAY18
20190811,1412,18,,3,cellular,Putnam Lab URI -80C,DAY18
20190811,1413,67,,1,molecular,Putnam Lab URI -80C,DAY18
20190811,1414,67,,1,molecular,Putnam Lab URI -80C,DAY18
20190811,1415,67,,1,molecular,Putnam Lab URI -80C,DAY18
20190811,1416,67,,3,cellular,Putnam Lab URI -80C,DAY18
20190811,1417,32,,1,molecular,Putnam Lab URI -80C,DAY18
20190811,1418,32,,1,molecular,Putnam Lab URI -80C,DAY18
20190811,1419,32,,1,molecular,Putnam Lab URI -80C,DAY18
20190811,1420,32,,3,cellular,Putnam Lab URI -80C,DAY18
20190811,1421,33,,1,molecular,Putnam Lab URI -80C,DAY18
20190811,1422,33,,1,molecular,Putnam Lab URI -80C,DAY18
20190811,1423,33,,1,molecular,Putnam Lab URI -80C,DAY18
20190811,1424,33,,3,cellular,Putnam Lab URI -80C,DAY18
20190811,1425,70,,1,molecular,Putnam Lab URI -80C,DAY18
20190811,1426,70,,1,molecular,Putnam Lab URI -80C,DAY18
20190811,1427,70,,1,molecular,Putnam Lab URI -80C,DAY18
20190811,1428,70,,3,cellular,Putnam Lab URI -80C,DAY18
20190811,1429,71,,1,molecular,Putnam Lab URI -80C,DAY18
20190811,1430,71,,1,molecular,Putnam Lab URI -80C,DAY18
20190811,1431,71,,1,molecular,Putnam Lab URI -80C,DAY18
20190811,1432,71,,3,cellular,Putnam Lab URI -80C,DAY18
20190811,1433,36,,1,molecular,Putnam Lab URI -80C,DAY18
20190811,1434,36,,1,molecular,Putnam Lab URI -80C,DAY18
20190811,1435,36,,1,molecular,Putnam Lab URI -80C,DAY18
20190811,1436,36,,3,cellular,Putnam Lab URI -80C,DAY18
20190814,1437,19,,1,molecular,Putnam Lab URI -80C,DAY21
20190814,1438,19,,1,molecular,Putnam Lab URI -80C,DAY21
20190814,1439,19,,3,cellular,Putnam Lab URI -80C,DAY21
20190814,1440,25,,1,molecular,Putnam Lab URI -80C,DAY21
20190814,1441,25,,1,molecular,Putnam Lab URI -80C,DAY21
20190814,1442,25,,3,cellular,Putnam Lab URI -80C,DAY21
20190814,1443,31,,1,molecular,Putnam Lab URI -80C,DAY21
20190814,1444,31,,1,molecular,Putnam Lab URI -80C,DAY21
20190814,1445,31,,3,cellular,Putnam Lab URI -80C,DAY21
20190814,1446,20,,1,molecular,Putnam Lab URI -80C,DAY21
20190814,1447,20,,1,molecular,Putnam Lab URI -80C,DAY21
20190814,1448,20,,3,cellular,Putnam Lab URI -80C,DAY21
20190814,1449,63,,1,molecular,Putnam Lab URI -80C,DAY21
20190814,1450,63,,1,molecular,Putnam Lab URI -80C,DAY21
20190814,1451,63,,3,cellular,Putnam Lab URI -80C,DAY21
20190814,1452,69,,1,molecular,Putnam Lab URI -80C,DAY21
20190814,1453,69,,1,molecular,Putnam Lab URI -80C,DAY21
20190814,1454,69,,3,cellular,Putnam Lab URI -80C,DAY21
20190814,1455,1,,1,molecular,Putnam Lab URI -80C,DAY21
20190814,1456,1,,1,molecular,Putnam Lab URI -80C,DAY21
20190814,1457,1,,3,cellular,Putnam Lab URI -80C,DAY21
20190814,1458,38,,1,molecular,Putnam Lab URI -80C,DAY21
20190814,1459,38,,1,molecular,Putnam Lab URI -80C,DAY21
20190814,1460,38,,3,cellular,Putnam Lab URI -80C,DAY21
20190814,1461,31,,1,molecular,Putnam Lab URI -80C,DAY21
20190814,1462,31,,1,molecular,Putnam Lab URI -80C,DAY21
20190814,1463,31,,3,cellular,Putnam Lab URI -80C,DAY21
20190814,1464,40,,1,molecular,Putnam Lab URI -80C,DAY21
20190814,1465,40,,1,molecular,Putnam Lab URI -80C,DAY21
20190814,1466,40,,3,cellular,Putnam Lab URI -80C,DAY21
20190814,1467,5,,1,molecular,Putnam Lab URI -80C,DAY21
20190814,1468,5,,1,molecular,Putnam Lab URI -80C,DAY21
20190814,1469,5,,3,cellular,Putnam Lab URI -80C,DAY21
20190814,1470,42,,1,molecular,Putnam Lab URI -80C,DAY21
20190814,1471,42,,1,molecular,Putnam Lab URI -80C,DAY21
20190814,1472,42,,3,cellular,Putnam Lab URI -80C,DAY21
20190814,1473,22,,1,molecular,Putnam Lab URI -80C,DAY21
20190814,1474,22,,1,molecular,Putnam Lab URI -80C,DAY21
20190814,1475,22,,3,cellular,Putnam Lab URI -80C,DAY21
20190814,1476,28,,1,molecular,Putnam Lab URI -80C,DAY21
20190814,1477,28,,1,molecular,Putnam Lab URI -80C,DAY21
20190814,1478,28,,3,cellular,Putnam Lab URI -80C,DAY21
20190814,1479,34,,1,molecular,Putnam Lab URI -80C,DAY21
20190814,1480,34,,1,molecular,Putnam Lab URI -80C,DAY21
20190814,1481,34,,3,cellular,Putnam Lab URI -80C,DAY21
20190814,1482,67,,1,molecular,Putnam Lab URI -80C,DAY21
20190814,1483,67,,1,molecular,Putnam Lab URI -80C,DAY21
20190814,1484,67,,3,cellular,Putnam Lab URI -80C,DAY21
20190814,1485,62,,1,molecular,Putnam Lab URI -80C,DAY21
20190814,1486,62,,1,molecular,Putnam Lab URI -80C,DAY21
20190814,1487,62,,3,cellular,Putnam Lab URI -80C,DAY21
20190814,1488,68,,1,molecular,Putnam Lab URI -80C,DAY21
20190814,1489,68,,1,molecular,Putnam Lab URI -80C,DAY21
20190814,1490,68,,3,cellular,Putnam Lab URI -80C,DAY21
20190814,1491,43,,1,molecular,Putnam Lab URI -80C,DAY21
20190814,1492,43,,1,molecular,Putnam Lab URI -80C,DAY21
20190814,1493,43,,3,cellular,Putnam Lab URI -80C,DAY21
20190814,1494,8,,1,molecular,Putnam Lab URI -80C,DAY21
20190814,1495,8,,1,molecular,Putnam Lab URI -80C,DAY21
20190814,1496,8,,3,cellular,Putnam Lab URI -80C,DAY21
20190814,1497,45,,1,molecular,Putnam Lab URI -80C,DAY21
20190814,1498,45,,1,molecular,Putnam Lab URI -80C,DAY21
20190814,1499,45,,3,cellular,Putnam Lab URI -80C,DAY21
20190814,1500,10,,1,molecular,Putnam Lab URI -80C,DAY21
20190814,1501,10,,1,molecular,Putnam Lab URI -80C,DAY21
20190814,1502,10,,3,cellular,Putnam Lab URI -80C,DAY21
20190814,1503,47,,1,molecular,Putnam Lab URI -80C,DAY21
20190814,1504,47,,1,molecular,Putnam Lab URI -80C,DAY21
20190814,1505,47,,3,cellular,Putnam Lab URI -80C,DAY21
20190814,1506,12,,1,molecular,Putnam Lab URI -80C,DAY21
20190814,1507,12,,1,molecular,Putnam Lab URI -80C,DAY21
20190814,1508,12,,3,cellular,Putnam Lab URI -80C,DAY21
20190814,1509,59,,1,molecular,Putnam Lab URI -80C,DAY21
20190814,1510,59,,1,molecular,Putnam Lab URI -80C,DAY21
20190814,1511,59,,3,cellular,Putnam Lab URI -80C,DAY21
20190814,1512,60,,1,molecular,Putnam Lab URI -80C,DAY21
20190814,1513,60,,1,molecular,Putnam Lab URI -80C,DAY21
20190814,1514,60,,3,cellular,Putnam Lab URI -80C,DAY21
20190814,1515,35,,1,molecular,Putnam Lab URI -80C,DAY21
20190814,1516,35,,1,molecular,Putnam Lab URI -80C,DAY21
20190814,1517,35,,3,cellular,Putnam Lab URI -80C,DAY21
20190814,1518,30,,1,molecular,Putnam Lab URI -80C,DAY21
20190814,1519,30,,1,molecular,Putnam Lab URI -80C,DAY21
20190814,1520,30,,3,cellular,Putnam Lab URI -80C,DAY21
20190814,1521,65,,1,molecular,Putnam Lab URI -80C,DAY21
20190814,1522,65,,1,molecular,Putnam Lab URI -80C,DAY21
20190814,1523,65,,3,cellular,Putnam Lab URI -80C,DAY21
20190814,1524,72,,1,molecular,Putnam Lab URI -80C,DAY21
20190814,1525,72,,1,molecular,Putnam Lab URI -80C,DAY21
20190814,1526,72,,3,cellular,Putnam Lab URI -80C,DAY21
20190814,1527,49,,1,molecular,Putnam Lab URI -80C,DAY21
20190814,1528,49,,1,molecular,Putnam Lab URI -80C,DAY21
20190814,1529,49,,3,cellular,Putnam Lab URI -80C,DAY21
20190814,1530,14,,1,molecular,Putnam Lab URI -80C,DAY21
20190814,1531,14,,1,molecular,Putnam Lab URI -80C,DAY21
20190814,1532,14,,3,cellular,Putnam Lab URI -80C,DAY21
20190814,1533,51,,1,molecular,Putnam Lab URI -80C,DAY21
20190814,1534,51,,1,molecular,Putnam Lab URI -80C,DAY21
20190814,1535,51,,3,cellular,Putnam Lab URI -80C,DAY21
20190814,1536,16,,1,molecular,Putnam Lab URI -80C,DAY21
20190814,1537,16,,1,molecular,Putnam Lab URI -80C,DAY21
20190814,1538,16,,3,cellular,Putnam Lab URI -80C,DAY21
20190814,1539,17,,1,molecular,Putnam Lab URI -80C,DAY21
20190814,1540,17,,1,molecular,Putnam Lab URI -80C,DAY21
20190814,1541,17,,3,cellular,Putnam Lab URI -80C,DAY21
20190814,1542,54,,1,molecular,Putnam Lab URI -80C,DAY21
20190814,1543,54,,1,molecular,Putnam Lab URI -80C,DAY21
20190814,1544,54,,3,cellular,Putnam Lab URI -80C,DAY21
20190814,1545,46,,1,molecular,Putnam Lab URI -80C,DAY21
20190814,1546,46,,1,molecular,Putnam Lab URI -80C,DAY21
20190814,1547,46,,3,cellular,Putnam Lab URI -80C,DAY21
20190814,1548,4,,1,molecular,Putnam Lab URI -80C,DAY21
20190814,1549,4,,1,molecular,Putnam Lab URI -80C,DAY21
20190814,1550,4,,3,cellular,Putnam Lab URI -80C,DAY21
20190814,1551,13,,1,molecular,Putnam Lab URI -80C,DAY21
20190814,1552,13,,1,molecular,Putnam Lab URI -80C,DAY21
20190814,1553,13,,3,cellular,Putnam Lab URI -80C,DAY21
20190814,1554,37,,1,molecular,Putnam Lab URI -80C,DAY21
20190814,1555,37,,1,molecular,Putnam Lab URI -80C,DAY21
20190814,1556,37,,3,cellular,Putnam Lab URI -80C,DAY21
20190814,1557,7,,1,molecular,Putnam Lab URI -80C,DAY21
20190814,1558,7,,1,molecular,Putnam Lab URI -80C,DAY21
20190814,1559,7,,3,cellular,Putnam Lab URI -80C,DAY21
20190814,1560,50,,1,molecular,Putnam Lab URI -80C,DAY21
20190814,1561,50,,1,molecular,Putnam Lab URI -80C,DAY21
20190814,1562,50,,3,cellular,Putnam Lab URI -80C,DAY21
20190814,1563,55,,1,molecular,Putnam Lab URI -80C,DAY21
20190814,1564,55,,1,molecular,Putnam Lab URI -80C,DAY21
20190814,1565,55,,3,cellular,Putnam Lab URI -80C,DAY21
20190814,1566,56,,1,molecular,Putnam Lab URI -80C,DAY21
20190814,1567,56,,1,molecular,Putnam Lab URI -80C,DAY21
20190814,1568,56,,3,cellular,Putnam Lab URI -80C,DAY21
20190814,1569,21,,1,molecular,Putnam Lab URI -80C,DAY21
20190814,1570,21,,1,molecular,Putnam Lab URI -80C,DAY21
20190814,1571,21,,3,cellular,Putnam Lab URI -80C,DAY21
20190814,1572,58,,1,molecular,Putnam Lab URI -80C,DAY21
20190814,1573,58,,1,molecular,Putnam Lab URI -80C,DAY21
20190814,1574,58,,3,cellular,Putnam Lab URI -80C,DAY21
20190814,1575,23,,1,molecular,Putnam Lab URI -80C,DAY21
20190814,1576,23,,1,molecular,Putnam Lab URI -80C,DAY21
20190814,1577,23,,3,cellular,Putnam Lab URI -80C,DAY21
20190814,1578,24,,1,molecular,Putnam Lab URI -80C,DAY21
20190814,1579,24,,1,molecular,Putnam Lab URI -80C,DAY21
20190814,1580,24,,3,cellular,Putnam Lab URI -80C,DAY21
20190814,1581,2,,1,molecular,Putnam Lab URI -80C,DAY21
20190814,1582,2,,1,molecular,Putnam Lab URI -80C,DAY21
20190814,1583,2,,3,cellular,Putnam Lab URI -80C,DAY21
20190814,1584,44,,1,molecular,Putnam Lab URI -80C,DAY21
20190814,1585,44,,1,molecular,Putnam Lab URI -80C,DAY21
20190814,1586,44,,3,cellular,Putnam Lab URI -80C,DAY21
20190814,1587,15,,1,molecular,Putnam Lab URI -80C,DAY21
20190814,1588,15,,1,molecular,Putnam Lab URI -80C,DAY21
20190814,1589,15,,3,cellular,Putnam Lab URI -80C,DAY21
20190814,1590,11,,1,molecular,Putnam Lab URI -80C,DAY21
20190814,1591,11,,1,molecular,Putnam Lab URI -80C,DAY21
20190814,1592,11,,3,cellular,Putnam Lab URI -80C,DAY21
20190814,1593,41,,1,molecular,Putnam Lab URI -80C,DAY21
20190814,1594,41,,1,molecular,Putnam Lab URI -80C,DAY21
20190814,1595,41,,3,cellular,Putnam Lab URI -80C,DAY21
20190814,1596,53,,1,molecular,Putnam Lab URI -80C,DAY21
20190814,1597,53,,1,molecular,Putnam Lab URI -80C,DAY21
20190814,1598,53,,3,cellular,Putnam Lab URI -80C,DAY21
20190814,1599,61,,1,molecular,Putnam Lab URI -80C,DAY21
20190814,1600,61,,1,molecular,Putnam Lab URI -80C,DAY21
20190814,1601,61,,3,cellular,Putnam Lab URI -80C,DAY21
20190814,1602,26,,1,molecular,Putnam Lab URI -80C,DAY21
20190814,1603,26,,1,molecular,Putnam Lab URI -80C,DAY21
20190814,1604,26,,3,cellular,Putnam Lab URI -80C,DAY21
20190814,1605,27,,1,molecular,Putnam Lab URI -80C,DAY21
20190814,1606,27,,1,molecular,Putnam Lab URI -80C,DAY21
20190814,1607,27,,3,cellular,Putnam Lab URI -80C,DAY21
20190814,1608,64,,1,molecular,Putnam Lab URI -80C,DAY21
20190814,1609,64,,1,molecular,Putnam Lab URI -80C,DAY21
20190814,1610,64,,3,cellular,Putnam Lab URI -80C,DAY21
20190814,1611,29,,1,molecular,Putnam Lab URI -80C,DAY21
20190814,1612,29,,1,molecular,Putnam Lab URI -80C,DAY21
20190814,1613,29,,3,cellular,Putnam Lab URI -80C,DAY21
20190814,1614,66,,1,molecular,Putnam Lab URI -80C,DAY21
20190814,1615,66,,1,molecular,Putnam Lab URI -80C,DAY21
20190814,1616,66,,3,cellular,Putnam Lab URI -80C,DAY21
20190814,1617,6,,1,molecular,Putnam Lab URI -80C,DAY21
20190814,1618,6,,1,molecular,Putnam Lab URI -80C,DAY21
20190814,1619,6,,3,cellular,Putnam Lab URI -80C,DAY21
20190814,1620,9,,1,molecular,Putnam Lab URI -80C,DAY21
20190814,1621,9,,1,molecular,Putnam Lab URI -80C,DAY21
20190814,1622,9,,3,cellular,Putnam Lab URI -80C,DAY21
20190814,1623,52,,1,molecular,Putnam Lab URI -80C,DAY21
20190814,1624,52,,1,molecular,Putnam Lab URI -80C,DAY21
20190814,1625,52,,3,cellular,Putnam Lab URI -80C,DAY21
20190814,1626,39,,1,molecular,Putnam Lab URI -80C,DAY21
20190814,1627,39,,1,molecular,Putnam Lab URI -80C,DAY21
20190814,1628,39,,3,cellular,Putnam Lab URI -80C,DAY21
20190814,1629,48,,1,molecular,Putnam Lab URI -80C,DAY21
20190814,1630,48,,1,molecular,Putnam Lab URI -80C,DAY21
20190814,1631,48,,3,cellular,Putnam Lab URI -80C,DAY21
20190814,1632,18,,1,molecular,Putnam Lab URI -80C,DAY21
20190814,1633,18,,1,molecular,Putnam Lab URI -80C,DAY21
20190814,1634,18,,3,cellular,Putnam Lab URI -80C,DAY21
20190814,1635,67,,1,molecular,Putnam Lab URI -80C,DAY21
20190814,1636,67,,1,molecular,Putnam Lab URI -80C,DAY21
20190814,1637,67,,3,cellular,Putnam Lab URI -80C,DAY21
20190814,1638,32,,1,molecular,Putnam Lab URI -80C,DAY21
20190814,1639,32,,1,molecular,Putnam Lab URI -80C,DAY21
20190814,1640,32,,3,cellular,Putnam Lab URI -80C,DAY21
20190814,1641,33,,1,molecular,Putnam Lab URI -80C,DAY21
20190814,1642,33,,1,molecular,Putnam Lab URI -80C,DAY21
20190814,1643,33,,3,cellular,Putnam Lab URI -80C,DAY21
20190814,1644,70,,1,molecular,Putnam Lab URI -80C,DAY21
20190814,1645,70,,1,molecular,Putnam Lab URI -80C,DAY21
20190814,1646,70,,3,cellular,Putnam Lab URI -80C,DAY21
20190814,1647,71,,1,molecular,Putnam Lab URI -80C,DAY21
20190814,1648,71,,1,molecular,Putnam Lab URI -80C,DAY21
20190814,1649,71,,3,cellular,Putnam Lab URI -80C,DAY21
20190814,1650,36,,1,molecular,Putnam Lab URI -80C,DAY21
20190814,1651,36,,1,molecular,Putnam Lab URI -80C,DAY21
20190814,1652,36,,3,cellular,Putnam Lab URI -80C,DAY21
