Tube.ID,unknwn,Box.position,Storage.Box.ID
780,,A1,Sam Gurr 2019 Thresholds Geoduck BOX #17
1379,,C1,Sam Gurr 2019 Thresholds Geoduck BOX #17
18,,G6,Sam Gurr 2019 Thresholds Geoduck BOX #1
1601,,B3,Sam Gurr 2019 Thresholds Geoduck BOX #10
1268,,I6,Sam Gurr 2019 Thresholds Geoduck BOX #10
965,,C7,Sam Gurr 2019 Thresholds Geoduck BOX #11
870,duplicated,A6,Sam Gurr 2019 Thresholds Geoduck BOX #11
1297,,H6,Sam Gurr 2019 Thresholds Geoduck BOX #11
1373,,B5,Sam Gurr 2019 Thresholds Geoduck BOX #11
1367,,B4,Sam Gurr 2019 Thresholds Geoduck BOX #11
1611,,G8,Sam Gurr 2019 Thresholds Geoduck BOX #11
81,,H6,Sam Gurr 2019 Thresholds Geoduck BOX #14
71,,H9,Sam Gurr 2019 Thresholds Geoduck BOX #14
863,,E7,Sam Gurr 2019 Thresholds Geoduck BOX #16
1095,,B2,Sam Gurr 2019 Thresholds Geoduck BOX #16
1025,,A3,Sam Gurr 2019 Thresholds Geoduck BOX #16
1100,,I9,Sam Gurr 2019 Thresholds Geoduck BOX #16
1101,,A2,Sam Gurr 2019 Thresholds Geoduck BOX #16
1067,,E4,Sam Gurr 2019 Thresholds Geoduck BOX #16
970,,E5,Sam Gurr 2019 Thresholds Geoduck BOX #17
992,,D4,Sam Gurr 2019 Thresholds Geoduck BOX #17
1186,,A3,Sam Gurr 2019 Thresholds Geoduck BOX #17
1464,,G9,Sam Gurr 2019 Thresholds Geoduck BOX #17
1507,,F1,Sam Gurr 2019 Thresholds Geoduck BOX #17
1560,,I3,Sam Gurr 2019 Thresholds Geoduck BOX #17
1643,,C6,Sam Gurr 2019 Thresholds Geoduck BOX #17
861,,G1,Sam Gurr 2019 Thresholds Geoduck BOX #18
795,,I9,Sam Gurr 2019 Thresholds Geoduck BOX #18
881,,B6,Sam Gurr 2019 Thresholds Geoduck BOX #18
1218,,D3,Sam Gurr 2019 Thresholds Geoduck BOX #18
786,,G1,Sam Gurr 2019 Thresholds Geoduck BOX #19
1176,,E8,Sam Gurr 2019 Thresholds Geoduck BOX #19
774,,F5,Sam Gurr 2019 Thresholds Geoduck BOX #20
1034,,H5,Sam Gurr 2019 Thresholds Geoduck BOX #20
1108,,G9,Sam Gurr 2019 Thresholds Geoduck BOX #20
1596,,C5,Sam Gurr 2019 Thresholds Geoduck BOX #20
1096,,C8,Sam Gurr 2019 Thresholds Geoduck BOX #21
1178,,C9,Sam Gurr 2019 Thresholds Geoduck BOX #6
869,,H5,Sam Gurr 2019 Thresholds Geoduck BOX #7
empty,empty,H6,Sam Gurr 2019 Thresholds Geoduck BOX #13
empty,empty,H7,Sam Gurr 2019 Thresholds Geoduck BOX #13
empty,empty,H8,Sam Gurr 2019 Thresholds Geoduck BOX #13
empty,empty,H9,Sam Gurr 2019 Thresholds Geoduck BOX #13
empty,empty,I1,Sam Gurr 2019 Thresholds Geoduck BOX #13
empty,empty,I2,Sam Gurr 2019 Thresholds Geoduck BOX #13
empty,empty,I3,Sam Gurr 2019 Thresholds Geoduck BOX #13
empty,empty,I4,Sam Gurr 2019 Thresholds Geoduck BOX #13
empty,empty,I5,Sam Gurr 2019 Thresholds Geoduck BOX #13
empty,empty,I6,Sam Gurr 2019 Thresholds Geoduck BOX #13
empty,empty,I7,Sam Gurr 2019 Thresholds Geoduck BOX #13
empty,empty,I8,Sam Gurr 2019 Thresholds Geoduck BOX #13
empty,empty,I9,Sam Gurr 2019 Thresholds Geoduck BOX #13
empty,empty,E1,Sam Gurr 2019 Thresholds Geoduck BOX #21
empty,empty,E2,Sam Gurr 2019 Thresholds Geoduck BOX #21
empty,empty,E3,Sam Gurr 2019 Thresholds Geoduck BOX #21
empty,empty,E4,Sam Gurr 2019 Thresholds Geoduck BOX #21
empty,empty,E5,Sam Gurr 2019 Thresholds Geoduck BOX #21
empty,empty,E6,Sam Gurr 2019 Thresholds Geoduck BOX #21
empty,empty,E7,Sam Gurr 2019 Thresholds Geoduck BOX #21
empty,empty,E8,Sam Gurr 2019 Thresholds Geoduck BOX #21
empty,empty,F1,Sam Gurr 2019 Thresholds Geoduck BOX #21
empty,empty,F2,Sam Gurr 2019 Thresholds Geoduck BOX #21
empty,empty,F3,Sam Gurr 2019 Thresholds Geoduck BOX #21
empty,empty,F4,Sam Gurr 2019 Thresholds Geoduck BOX #21
empty,empty,F5,Sam Gurr 2019 Thresholds Geoduck BOX #21
empty,empty,F6,Sam Gurr 2019 Thresholds Geoduck BOX #21
empty,empty,F7,Sam Gurr 2019 Thresholds Geoduck BOX #21
empty,empty,F8,Sam Gurr 2019 Thresholds Geoduck BOX #21
empty,empty,F9,Sam Gurr 2019 Thresholds Geoduck BOX #21
empty,empty,G1,Sam Gurr 2019 Thresholds Geoduck BOX #21
empty,empty,G2,Sam Gurr 2019 Thresholds Geoduck BOX #21
empty,empty,G3,Sam Gurr 2019 Thresholds Geoduck BOX #21
empty,empty,G4,Sam Gurr 2019 Thresholds Geoduck BOX #21
empty,empty,G5,Sam Gurr 2019 Thresholds Geoduck BOX #21
empty,empty,G6,Sam Gurr 2019 Thresholds Geoduck BOX #21
empty,empty,G7,Sam Gurr 2019 Thresholds Geoduck BOX #21
empty,empty,G8,Sam Gurr 2019 Thresholds Geoduck BOX #21
empty,empty,G9,Sam Gurr 2019 Thresholds Geoduck BOX #21
empty,empty,H1,Sam Gurr 2019 Thresholds Geoduck BOX #21
empty,empty,H2,Sam Gurr 2019 Thresholds Geoduck BOX #21
empty,empty,H3,Sam Gurr 2019 Thresholds Geoduck BOX #21
empty,empty,H4,Sam Gurr 2019 Thresholds Geoduck BOX #21
empty,empty,H5,Sam Gurr 2019 Thresholds Geoduck BOX #21
empty,empty,H6,Sam Gurr 2019 Thresholds Geoduck BOX #21
empty,empty,H7,Sam Gurr 2019 Thresholds Geoduck BOX #21
empty,empty,H8,Sam Gurr 2019 Thresholds Geoduck BOX #21
empty,empty,H9,Sam Gurr 2019 Thresholds Geoduck BOX #21
empty,empty,I1,Sam Gurr 2019 Thresholds Geoduck BOX #21
empty,empty,I2,Sam Gurr 2019 Thresholds Geoduck BOX #21
empty,empty,I3,Sam Gurr 2019 Thresholds Geoduck BOX #21
empty,empty,I4,Sam Gurr 2019 Thresholds Geoduck BOX #21
empty,empty,I5,Sam Gurr 2019 Thresholds Geoduck BOX #21
empty,empty,I6,Sam Gurr 2019 Thresholds Geoduck BOX #21
empty,empty,I7,Sam Gurr 2019 Thresholds Geoduck BOX #21
empty,empty,I8,Sam Gurr 2019 Thresholds Geoduck BOX #21
empty,empty,I9,Sam Gurr 2019 Thresholds Geoduck BOX #21
1,,I6,Sam Gurr 2019 Thresholds Geoduck BOX #1
2,,E1,Sam Gurr 2019 Thresholds Geoduck BOX #1
55,,C9,Sam Gurr 2019 Thresholds Geoduck BOX #1
7,,G4,Sam Gurr 2019 Thresholds Geoduck BOX #1
8,,A6,Sam Gurr 2019 Thresholds Geoduck BOX #1
10,,D9,Sam Gurr 2019 Thresholds Geoduck BOX #1
114,,G3,Sam Gurr 2019 Thresholds Geoduck BOX #1
15,,I2,Sam Gurr 2019 Thresholds Geoduck BOX #1
16,,G5,Sam Gurr 2019 Thresholds Geoduck BOX #1
34,,G8,Sam Gurr 2019 Thresholds Geoduck BOX #1
36,,D5,Sam Gurr 2019 Thresholds Geoduck BOX #1
58,,F5,Sam Gurr 2019 Thresholds Geoduck BOX #1
68,,H5,Sam Gurr 2019 Thresholds Geoduck BOX #1
100,,D2,Sam Gurr 2019 Thresholds Geoduck BOX #1
108,,I7,Sam Gurr 2019 Thresholds Geoduck BOX #1
110,,D4,Sam Gurr 2019 Thresholds Geoduck BOX #1
111,,F6,Sam Gurr 2019 Thresholds Geoduck BOX #1
113,,C2,Sam Gurr 2019 Thresholds Geoduck BOX #1
118,,D3,Sam Gurr 2019 Thresholds Geoduck BOX #1
126,,H6,Sam Gurr 2019 Thresholds Geoduck BOX #1
129,,F4,Sam Gurr 2019 Thresholds Geoduck BOX #1
133,,G2,Sam Gurr 2019 Thresholds Geoduck BOX #1
140,,G7,Sam Gurr 2019 Thresholds Geoduck BOX #1
142,,A7,Sam Gurr 2019 Thresholds Geoduck BOX #1
144,,C6,Sam Gurr 2019 Thresholds Geoduck BOX #1
149,,I8,Sam Gurr 2019 Thresholds Geoduck BOX #1
150,,F1,Sam Gurr 2019 Thresholds Geoduck BOX #1
160,,C3,Sam Gurr 2019 Thresholds Geoduck BOX #1
172,,G1,Sam Gurr 2019 Thresholds Geoduck BOX #1
173,,A5,Sam Gurr 2019 Thresholds Geoduck BOX #1
180,,D1,Sam Gurr 2019 Thresholds Geoduck BOX #1
192,,B7,Sam Gurr 2019 Thresholds Geoduck BOX #1
209,,E9,Sam Gurr 2019 Thresholds Geoduck BOX #1
221,,B1,Sam Gurr 2019 Thresholds Geoduck BOX #1
230,,E5,Sam Gurr 2019 Thresholds Geoduck BOX #1
231,,I5,Sam Gurr 2019 Thresholds Geoduck BOX #1
236,,B2,Sam Gurr 2019 Thresholds Geoduck BOX #1
243,,A9,Sam Gurr 2019 Thresholds Geoduck BOX #1
244,,D8,Sam Gurr 2019 Thresholds Geoduck BOX #1
265,,B9,Sam Gurr 2019 Thresholds Geoduck BOX #1
266,,I9,Sam Gurr 2019 Thresholds Geoduck BOX #1
290,,I1,Sam Gurr 2019 Thresholds Geoduck BOX #1
293,,H1,Sam Gurr 2019 Thresholds Geoduck BOX #1
298,,B3,Sam Gurr 2019 Thresholds Geoduck BOX #1
299,,A1,Sam Gurr 2019 Thresholds Geoduck BOX #1
304,,A4,Sam Gurr 2019 Thresholds Geoduck BOX #1
314,,F2,Sam Gurr 2019 Thresholds Geoduck BOX #1
352,,F3,Sam Gurr 2019 Thresholds Geoduck BOX #1
357,,H7,Sam Gurr 2019 Thresholds Geoduck BOX #1
359,,A8,Sam Gurr 2019 Thresholds Geoduck BOX #1
373,,E7,Sam Gurr 2019 Thresholds Geoduck BOX #1
377,,E4,Sam Gurr 2019 Thresholds Geoduck BOX #1
396,,B8,Sam Gurr 2019 Thresholds Geoduck BOX #1
399,,I3,Sam Gurr 2019 Thresholds Geoduck BOX #1
410,,H3,Sam Gurr 2019 Thresholds Geoduck BOX #1
420,,C4,Sam Gurr 2019 Thresholds Geoduck BOX #1
421,,D6,Sam Gurr 2019 Thresholds Geoduck BOX #1
427,,A2,Sam Gurr 2019 Thresholds Geoduck BOX #1
428,,D7,Sam Gurr 2019 Thresholds Geoduck BOX #1
442,,B4,Sam Gurr 2019 Thresholds Geoduck BOX #1
446,,E6,Sam Gurr 2019 Thresholds Geoduck BOX #1
448,,E3,Sam Gurr 2019 Thresholds Geoduck BOX #1
487,,H8,Sam Gurr 2019 Thresholds Geoduck BOX #1
519,,C8,Sam Gurr 2019 Thresholds Geoduck BOX #1
523,,C5,Sam Gurr 2019 Thresholds Geoduck BOX #1
530,,H4,Sam Gurr 2019 Thresholds Geoduck BOX #1
539,,C1,Sam Gurr 2019 Thresholds Geoduck BOX #1
543,,G9,Sam Gurr 2019 Thresholds Geoduck BOX #1
544,,F7,Sam Gurr 2019 Thresholds Geoduck BOX #1
545,,B6,Sam Gurr 2019 Thresholds Geoduck BOX #1
546,,E8,Sam Gurr 2019 Thresholds Geoduck BOX #1
549,,F8,Sam Gurr 2019 Thresholds Geoduck BOX #1
555,,F9,Sam Gurr 2019 Thresholds Geoduck BOX #1
573,,I4,Sam Gurr 2019 Thresholds Geoduck BOX #1
578,,H9,Sam Gurr 2019 Thresholds Geoduck BOX #1
643,,C7,Sam Gurr 2019 Thresholds Geoduck BOX #1
663,,B5,Sam Gurr 2019 Thresholds Geoduck BOX #1
686,,E2,Sam Gurr 2019 Thresholds Geoduck BOX #1
688,,A3,Sam Gurr 2019 Thresholds Geoduck BOX #1
699,,H2,Sam Gurr 2019 Thresholds Geoduck BOX #1
1300,,C9,Sam Gurr 2019 Thresholds Geoduck BOX #10
750,,A3,Sam Gurr 2019 Thresholds Geoduck BOX #10
760,,A4,Sam Gurr 2019 Thresholds Geoduck BOX #10
762,,D3,Sam Gurr 2019 Thresholds Geoduck BOX #10
770,,G5,Sam Gurr 2019 Thresholds Geoduck BOX #10
771,,D4,Sam Gurr 2019 Thresholds Geoduck BOX #10
772,,B2,Sam Gurr 2019 Thresholds Geoduck BOX #10
785,,I8,Sam Gurr 2019 Thresholds Geoduck BOX #10
798,,C2,Sam Gurr 2019 Thresholds Geoduck BOX #10
801,,E1,Sam Gurr 2019 Thresholds Geoduck BOX #10
807,,E6,Sam Gurr 2019 Thresholds Geoduck BOX #10
812,,E9,Sam Gurr 2019 Thresholds Geoduck BOX #10
838,,C3,Sam Gurr 2019 Thresholds Geoduck BOX #10
848,,A9,Sam Gurr 2019 Thresholds Geoduck BOX #10
864,,F7,Sam Gurr 2019 Thresholds Geoduck BOX #10
867,,D9,Sam Gurr 2019 Thresholds Geoduck BOX #10
872,,H8,Sam Gurr 2019 Thresholds Geoduck BOX #10
876,,D6,Sam Gurr 2019 Thresholds Geoduck BOX #10
888,,H1,Sam Gurr 2019 Thresholds Geoduck BOX #10
956,,C8,Sam Gurr 2019 Thresholds Geoduck BOX #10
964,,G8,Sam Gurr 2019 Thresholds Geoduck BOX #10
969,,D8,Sam Gurr 2019 Thresholds Geoduck BOX #10
980,,A1,Sam Gurr 2019 Thresholds Geoduck BOX #10
999,,B7,Sam Gurr 2019 Thresholds Geoduck BOX #10
1013,,D1,Sam Gurr 2019 Thresholds Geoduck BOX #10
1031,,F1,Sam Gurr 2019 Thresholds Geoduck BOX #10
1056,,C4,Sam Gurr 2019 Thresholds Geoduck BOX #10
1066,,G1,Sam Gurr 2019 Thresholds Geoduck BOX #10
1072,,I3,Sam Gurr 2019 Thresholds Geoduck BOX #10
1086,,B9,Sam Gurr 2019 Thresholds Geoduck BOX #10
1091,,E4,Sam Gurr 2019 Thresholds Geoduck BOX #10
1097,,F9,Sam Gurr 2019 Thresholds Geoduck BOX #10
1002,,E7,Sam Gurr 2019 Thresholds Geoduck BOX #10
1007,,H9,Sam Gurr 2019 Thresholds Geoduck BOX #10
1134,,A5,Sam Gurr 2019 Thresholds Geoduck BOX #10
1137,,H7,Sam Gurr 2019 Thresholds Geoduck BOX #10
1138,,G7,Sam Gurr 2019 Thresholds Geoduck BOX #10
1191,,E3,Sam Gurr 2019 Thresholds Geoduck BOX #10
1172,,G3,Sam Gurr 2019 Thresholds Geoduck BOX #10
1184,,H2,Sam Gurr 2019 Thresholds Geoduck BOX #10
1202,,B1,Sam Gurr 2019 Thresholds Geoduck BOX #10
1205,,F2,Sam Gurr 2019 Thresholds Geoduck BOX #10
1216,,I9,Sam Gurr 2019 Thresholds Geoduck BOX #10
1221,,B4,Sam Gurr 2019 Thresholds Geoduck BOX #10
1223,,C1,Sam Gurr 2019 Thresholds Geoduck BOX #10
1235,,A7,Sam Gurr 2019 Thresholds Geoduck BOX #10
1521,,D5,Sam Gurr 2019 Thresholds Geoduck BOX #10
1253,,H5,Sam Gurr 2019 Thresholds Geoduck BOX #10
1262,,A8,Sam Gurr 2019 Thresholds Geoduck BOX #10
1298,,C7,Sam Gurr 2019 Thresholds Geoduck BOX #10
1511,,I2,Sam Gurr 2019 Thresholds Geoduck BOX #10
1314,,I7,Sam Gurr 2019 Thresholds Geoduck BOX #10
1386,,F3,Sam Gurr 2019 Thresholds Geoduck BOX #10
1334,,D7,Sam Gurr 2019 Thresholds Geoduck BOX #10
1340,,A2,Sam Gurr 2019 Thresholds Geoduck BOX #10
1402,,B5,Sam Gurr 2019 Thresholds Geoduck BOX #10
1412,,F8,Sam Gurr 2019 Thresholds Geoduck BOX #10
1430,,C5,Sam Gurr 2019 Thresholds Geoduck BOX #10
1460,,B8,Sam Gurr 2019 Thresholds Geoduck BOX #10
1463,,A6,Sam Gurr 2019 Thresholds Geoduck BOX #10
1469,,I5,Sam Gurr 2019 Thresholds Geoduck BOX #10
1476,,F5,Sam Gurr 2019 Thresholds Geoduck BOX #10
1509,,H4,Sam Gurr 2019 Thresholds Geoduck BOX #10
1516,,F6,Sam Gurr 2019 Thresholds Geoduck BOX #10
1524,,E2,Sam Gurr 2019 Thresholds Geoduck BOX #10
1525,,C6,Sam Gurr 2019 Thresholds Geoduck BOX #10
1528,,G4,Sam Gurr 2019 Thresholds Geoduck BOX #10
1531,,I4,Sam Gurr 2019 Thresholds Geoduck BOX #10
1538,,H6,Sam Gurr 2019 Thresholds Geoduck BOX #10
1547,,I1,Sam Gurr 2019 Thresholds Geoduck BOX #10
1549,,E8,Sam Gurr 2019 Thresholds Geoduck BOX #10
1565,,G2,Sam Gurr 2019 Thresholds Geoduck BOX #10
1389,,H3,Sam Gurr 2019 Thresholds Geoduck BOX #10
1605,,G6,Sam Gurr 2019 Thresholds Geoduck BOX #10
1622,,D2,Sam Gurr 2019 Thresholds Geoduck BOX #10
1630,,G9,Sam Gurr 2019 Thresholds Geoduck BOX #10
1636,,F4,Sam Gurr 2019 Thresholds Geoduck BOX #10
1638,,B6,Sam Gurr 2019 Thresholds Geoduck BOX #10
1257,,E5,Sam Gurr 2019 Thresholds Geoduck BOX #10
1445,,E9,Sam Gurr 2019 Thresholds Geoduck BOX #11
732,,C9,Sam Gurr 2019 Thresholds Geoduck BOX #11
738,,D3,Sam Gurr 2019 Thresholds Geoduck BOX #11
787,,G1,Sam Gurr 2019 Thresholds Geoduck BOX #11
892,,E8,Sam Gurr 2019 Thresholds Geoduck BOX #11
868,,A4,Sam Gurr 2019 Thresholds Geoduck BOX #11
871,,C3,Sam Gurr 2019 Thresholds Geoduck BOX #11
879,,F9,Sam Gurr 2019 Thresholds Geoduck BOX #11
919,,B9,Sam Gurr 2019 Thresholds Geoduck BOX #11
920,,E5,Sam Gurr 2019 Thresholds Geoduck BOX #11
946,,E1,Sam Gurr 2019 Thresholds Geoduck BOX #11
949,,H7,Sam Gurr 2019 Thresholds Geoduck BOX #11
957,,E6,Sam Gurr 2019 Thresholds Geoduck BOX #11
968,,I7,Sam Gurr 2019 Thresholds Geoduck BOX #11
994,,G9,Sam Gurr 2019 Thresholds Geoduck BOX #11
1000,,H4,Sam Gurr 2019 Thresholds Geoduck BOX #11
1006,,I3,Sam Gurr 2019 Thresholds Geoduck BOX #11
1026,,I2,Sam Gurr 2019 Thresholds Geoduck BOX #11
1087,,D2,Sam Gurr 2019 Thresholds Geoduck BOX #11
1107,,I1,Sam Gurr 2019 Thresholds Geoduck BOX #11
1113,,I9,Sam Gurr 2019 Thresholds Geoduck BOX #11
1119,,B1,Sam Gurr 2019 Thresholds Geoduck BOX #11
1149,,F3,Sam Gurr 2019 Thresholds Geoduck BOX #11
1157,,D7,Sam Gurr 2019 Thresholds Geoduck BOX #11
1156,,F8,Sam Gurr 2019 Thresholds Geoduck BOX #11
1158,,D8,Sam Gurr 2019 Thresholds Geoduck BOX #11
1159,,C2,Sam Gurr 2019 Thresholds Geoduck BOX #11
1163,,D4,Sam Gurr 2019 Thresholds Geoduck BOX #11
1170,,D9,Sam Gurr 2019 Thresholds Geoduck BOX #11
1183,,C1,Sam Gurr 2019 Thresholds Geoduck BOX #11
1206,,A2,Sam Gurr 2019 Thresholds Geoduck BOX #11
1208,,I8,Sam Gurr 2019 Thresholds Geoduck BOX #11
1209,,G3,Sam Gurr 2019 Thresholds Geoduck BOX #11
1213,,E7,Sam Gurr 2019 Thresholds Geoduck BOX #11
1239,,G5,Sam Gurr 2019 Thresholds Geoduck BOX #11
1246,,F2,Sam Gurr 2019 Thresholds Geoduck BOX #11
1260,,F4,Sam Gurr 2019 Thresholds Geoduck BOX #11
1318,,D1,Sam Gurr 2019 Thresholds Geoduck BOX #11
1323,,B2,Sam Gurr 2019 Thresholds Geoduck BOX #11
1330,,H2,Sam Gurr 2019 Thresholds Geoduck BOX #11
1357,,A9,Sam Gurr 2019 Thresholds Geoduck BOX #11
1364,,A8,Sam Gurr 2019 Thresholds Geoduck BOX #11
1366,,A3,Sam Gurr 2019 Thresholds Geoduck BOX #11
1380,,F7,Sam Gurr 2019 Thresholds Geoduck BOX #11
1381,,D6,Sam Gurr 2019 Thresholds Geoduck BOX #11
1390,,G6,Sam Gurr 2019 Thresholds Geoduck BOX #11
1394,,I4,Sam Gurr 2019 Thresholds Geoduck BOX #11
1420,,C6,Sam Gurr 2019 Thresholds Geoduck BOX #11
1426,,B3,Sam Gurr 2019 Thresholds Geoduck BOX #11
1433,,C8,Sam Gurr 2019 Thresholds Geoduck BOX #11
1436,,F6,Sam Gurr 2019 Thresholds Geoduck BOX #11
1442,,A7,Sam Gurr 2019 Thresholds Geoduck BOX #11
1446,,G2,Sam Gurr 2019 Thresholds Geoduck BOX #11
1447,,G7,Sam Gurr 2019 Thresholds Geoduck BOX #11
1452,,I6,Sam Gurr 2019 Thresholds Geoduck BOX #11
1455,,C5,Sam Gurr 2019 Thresholds Geoduck BOX #11
1459,,A1,Sam Gurr 2019 Thresholds Geoduck BOX #11
1506,,E3,Sam Gurr 2019 Thresholds Geoduck BOX #11
1527,,F1,Sam Gurr 2019 Thresholds Geoduck BOX #11
1529,,B8,Sam Gurr 2019 Thresholds Geoduck BOX #11
1535,,B7,Sam Gurr 2019 Thresholds Geoduck BOX #11
1553,,I5,Sam Gurr 2019 Thresholds Geoduck BOX #11
1556,,D5,Sam Gurr 2019 Thresholds Geoduck BOX #11
1564,,H3,Sam Gurr 2019 Thresholds Geoduck BOX #11
1576,,G4,Sam Gurr 2019 Thresholds Geoduck BOX #11
1580,,H5,Sam Gurr 2019 Thresholds Geoduck BOX #11
1587,,H8,Sam Gurr 2019 Thresholds Geoduck BOX #11
1588,,E4,Sam Gurr 2019 Thresholds Geoduck BOX #11
1589,,A5,Sam Gurr 2019 Thresholds Geoduck BOX #11
1590,,C4,Sam Gurr 2019 Thresholds Geoduck BOX #11
1598,,H9,Sam Gurr 2019 Thresholds Geoduck BOX #11
1604,,H1,Sam Gurr 2019 Thresholds Geoduck BOX #11
1610,,E2,Sam Gurr 2019 Thresholds Geoduck BOX #11
1617,,F5,Sam Gurr 2019 Thresholds Geoduck BOX #11
1618,,B6,Sam Gurr 2019 Thresholds Geoduck BOX #11
28,,I1,Sam Gurr 2019 Thresholds Geoduck BOX #12
37,,E7,Sam Gurr 2019 Thresholds Geoduck BOX #12
42,,D1,Sam Gurr 2019 Thresholds Geoduck BOX #12
43,,I9,Sam Gurr 2019 Thresholds Geoduck BOX #12
50,,I6,Sam Gurr 2019 Thresholds Geoduck BOX #12
65,,H8,Sam Gurr 2019 Thresholds Geoduck BOX #12
72,,I8,Sam Gurr 2019 Thresholds Geoduck BOX #12
86,,A5,Sam Gurr 2019 Thresholds Geoduck BOX #12
120,,G7,Sam Gurr 2019 Thresholds Geoduck BOX #12
134,,G2,Sam Gurr 2019 Thresholds Geoduck BOX #12
155,,F6,Sam Gurr 2019 Thresholds Geoduck BOX #12
159,,A7,Sam Gurr 2019 Thresholds Geoduck BOX #12
171,,B9,Sam Gurr 2019 Thresholds Geoduck BOX #12
208,,E2,Sam Gurr 2019 Thresholds Geoduck BOX #12
217,,G8,Sam Gurr 2019 Thresholds Geoduck BOX #12
257,,I5,Sam Gurr 2019 Thresholds Geoduck BOX #12
259,,C4,Sam Gurr 2019 Thresholds Geoduck BOX #12
274,,B7,Sam Gurr 2019 Thresholds Geoduck BOX #12
275,,I2,Sam Gurr 2019 Thresholds Geoduck BOX #12
281,,A6,Sam Gurr 2019 Thresholds Geoduck BOX #12
287,,C8,Sam Gurr 2019 Thresholds Geoduck BOX #12
308,,H5,Sam Gurr 2019 Thresholds Geoduck BOX #12
315,,B5,Sam Gurr 2019 Thresholds Geoduck BOX #12
346,,B4,Sam Gurr 2019 Thresholds Geoduck BOX #12
347,,D4,Sam Gurr 2019 Thresholds Geoduck BOX #12
362,,G4,Sam Gurr 2019 Thresholds Geoduck BOX #12
378,,D3,Sam Gurr 2019 Thresholds Geoduck BOX #12
392,,B1,Sam Gurr 2019 Thresholds Geoduck BOX #12
417,,C6,Sam Gurr 2019 Thresholds Geoduck BOX #12
431,,F5,Sam Gurr 2019 Thresholds Geoduck BOX #12
450,,D7,Sam Gurr 2019 Thresholds Geoduck BOX #12
468,,A3,Sam Gurr 2019 Thresholds Geoduck BOX #12
469,,C3,Sam Gurr 2019 Thresholds Geoduck BOX #12
470,,H2,Sam Gurr 2019 Thresholds Geoduck BOX #12
473,,F4,Sam Gurr 2019 Thresholds Geoduck BOX #12
481,,E1,Sam Gurr 2019 Thresholds Geoduck BOX #12
486,,A9,Sam Gurr 2019 Thresholds Geoduck BOX #12
494,,E9,Sam Gurr 2019 Thresholds Geoduck BOX #12
499,,A8,Sam Gurr 2019 Thresholds Geoduck BOX #12
500,,I4,Sam Gurr 2019 Thresholds Geoduck BOX #12
505,,C7,Sam Gurr 2019 Thresholds Geoduck BOX #12
506,,H7,Sam Gurr 2019 Thresholds Geoduck BOX #12
507,,I7,Sam Gurr 2019 Thresholds Geoduck BOX #12
509,,C9,Sam Gurr 2019 Thresholds Geoduck BOX #12
510,,I3,Sam Gurr 2019 Thresholds Geoduck BOX #12
517,,F1,Sam Gurr 2019 Thresholds Geoduck BOX #12
522,,H3,Sam Gurr 2019 Thresholds Geoduck BOX #12
524,,A4,Sam Gurr 2019 Thresholds Geoduck BOX #12
525,,B6,Sam Gurr 2019 Thresholds Geoduck BOX #12
527,,B3,Sam Gurr 2019 Thresholds Geoduck BOX #12
531,,F9,Sam Gurr 2019 Thresholds Geoduck BOX #12
534,,A2,Sam Gurr 2019 Thresholds Geoduck BOX #12
541,,H9,Sam Gurr 2019 Thresholds Geoduck BOX #12
542,,E8,Sam Gurr 2019 Thresholds Geoduck BOX #12
547,,F8,Sam Gurr 2019 Thresholds Geoduck BOX #12
552,,D5,Sam Gurr 2019 Thresholds Geoduck BOX #12
565,,E3,Sam Gurr 2019 Thresholds Geoduck BOX #12
566,,G5,Sam Gurr 2019 Thresholds Geoduck BOX #12
594,,F7,Sam Gurr 2019 Thresholds Geoduck BOX #12
602,,F3,Sam Gurr 2019 Thresholds Geoduck BOX #12
608,,B8,Sam Gurr 2019 Thresholds Geoduck BOX #12
616,,E4,Sam Gurr 2019 Thresholds Geoduck BOX #12
621,,C1,Sam Gurr 2019 Thresholds Geoduck BOX #12
623,,H1,Sam Gurr 2019 Thresholds Geoduck BOX #12
628,,A1,Sam Gurr 2019 Thresholds Geoduck BOX #12
622,,E5,Sam Gurr 2019 Thresholds Geoduck BOX #12
637,,G6,Sam Gurr 2019 Thresholds Geoduck BOX #12
651,,D6,Sam Gurr 2019 Thresholds Geoduck BOX #12
654,,C5,Sam Gurr 2019 Thresholds Geoduck BOX #12
666,,D9,Sam Gurr 2019 Thresholds Geoduck BOX #12
671,,H4,Sam Gurr 2019 Thresholds Geoduck BOX #12
673,,G9,Sam Gurr 2019 Thresholds Geoduck BOX #12
677,,F2,Sam Gurr 2019 Thresholds Geoduck BOX #12
679,,B2,Sam Gurr 2019 Thresholds Geoduck BOX #12
683,,G3,Sam Gurr 2019 Thresholds Geoduck BOX #12
684,,H6,Sam Gurr 2019 Thresholds Geoduck BOX #12
689,,E6,Sam Gurr 2019 Thresholds Geoduck BOX #12
690,,G1,Sam Gurr 2019 Thresholds Geoduck BOX #12
697,,D8,Sam Gurr 2019 Thresholds Geoduck BOX #12
698,,C2,Sam Gurr 2019 Thresholds Geoduck BOX #12
706,,D2,Sam Gurr 2019 Thresholds Geoduck BOX #12
32,,A8,Sam Gurr 2019 Thresholds Geoduck BOX #13
46,,A3,Sam Gurr 2019 Thresholds Geoduck BOX #13
51,,C8,Sam Gurr 2019 Thresholds Geoduck BOX #13
109,,F9,Sam Gurr 2019 Thresholds Geoduck BOX #13
121,,H5,Sam Gurr 2019 Thresholds Geoduck BOX #13
135,,D3,Sam Gurr 2019 Thresholds Geoduck BOX #13
151,,E1,Sam Gurr 2019 Thresholds Geoduck BOX #13
202,,F7,Sam Gurr 2019 Thresholds Geoduck BOX #13
235,,H3,Sam Gurr 2019 Thresholds Geoduck BOX #13
277,,A4,Sam Gurr 2019 Thresholds Geoduck BOX #13
288,,D9,Sam Gurr 2019 Thresholds Geoduck BOX #13
309,,C6,Sam Gurr 2019 Thresholds Geoduck BOX #13
316,,D2,Sam Gurr 2019 Thresholds Geoduck BOX #13
334,,G7,Sam Gurr 2019 Thresholds Geoduck BOX #13
344,,C4,Sam Gurr 2019 Thresholds Geoduck BOX #13
367,,C9,Sam Gurr 2019 Thresholds Geoduck BOX #13
382,,A9,Sam Gurr 2019 Thresholds Geoduck BOX #13
383,,A2,Sam Gurr 2019 Thresholds Geoduck BOX #13
387,,A7,Sam Gurr 2019 Thresholds Geoduck BOX #13
393,,B7,Sam Gurr 2019 Thresholds Geoduck BOX #13
415,,E9,Sam Gurr 2019 Thresholds Geoduck BOX #13
416,,C7,Sam Gurr 2019 Thresholds Geoduck BOX #13
419,,F1,Sam Gurr 2019 Thresholds Geoduck BOX #13
459,,D1,Sam Gurr 2019 Thresholds Geoduck BOX #13
474,,E4,Sam Gurr 2019 Thresholds Geoduck BOX #13
476,,B3,Sam Gurr 2019 Thresholds Geoduck BOX #13
477,,G6,Sam Gurr 2019 Thresholds Geoduck BOX #13
479,,F2,Sam Gurr 2019 Thresholds Geoduck BOX #13
488,,B5,Sam Gurr 2019 Thresholds Geoduck BOX #13
501,,G8,Sam Gurr 2019 Thresholds Geoduck BOX #13
503,,F3,Sam Gurr 2019 Thresholds Geoduck BOX #13
504,,D5,Sam Gurr 2019 Thresholds Geoduck BOX #13
512,,C2,Sam Gurr 2019 Thresholds Geoduck BOX #13
513,,F8,Sam Gurr 2019 Thresholds Geoduck BOX #13
532,,B1,Sam Gurr 2019 Thresholds Geoduck BOX #13
535,,G9,Sam Gurr 2019 Thresholds Geoduck BOX #13
536,,D7,Sam Gurr 2019 Thresholds Geoduck BOX #13
548,,E6,Sam Gurr 2019 Thresholds Geoduck BOX #13
561,,H4,Sam Gurr 2019 Thresholds Geoduck BOX #13
562,,F5,Sam Gurr 2019 Thresholds Geoduck BOX #13
563,,G3,Sam Gurr 2019 Thresholds Geoduck BOX #13
569,,H1,Sam Gurr 2019 Thresholds Geoduck BOX #13
570,,E8,Sam Gurr 2019 Thresholds Geoduck BOX #13
582,,E2,Sam Gurr 2019 Thresholds Geoduck BOX #13
605,,E5,Sam Gurr 2019 Thresholds Geoduck BOX #13
610,,F6,Sam Gurr 2019 Thresholds Geoduck BOX #13
614,,B9,Sam Gurr 2019 Thresholds Geoduck BOX #13
619,,A1,Sam Gurr 2019 Thresholds Geoduck BOX #13
620,,B8,Sam Gurr 2019 Thresholds Geoduck BOX #13
626,,A5,Sam Gurr 2019 Thresholds Geoduck BOX #13
631,,C1,Sam Gurr 2019 Thresholds Geoduck BOX #13
632,,B4,Sam Gurr 2019 Thresholds Geoduck BOX #13
633,,A6,Sam Gurr 2019 Thresholds Geoduck BOX #13
647,,C5,Sam Gurr 2019 Thresholds Geoduck BOX #13
648,,E7,Sam Gurr 2019 Thresholds Geoduck BOX #13
655,,B2,Sam Gurr 2019 Thresholds Geoduck BOX #13
658,,G2,Sam Gurr 2019 Thresholds Geoduck BOX #13
661,,G5,Sam Gurr 2019 Thresholds Geoduck BOX #13
669,,D8,Sam Gurr 2019 Thresholds Geoduck BOX #13
670,,F4,Sam Gurr 2019 Thresholds Geoduck BOX #13
672,,D6,Sam Gurr 2019 Thresholds Geoduck BOX #13
674,,D4,Sam Gurr 2019 Thresholds Geoduck BOX #13
675,,E3,Sam Gurr 2019 Thresholds Geoduck BOX #13
682,,B6,Sam Gurr 2019 Thresholds Geoduck BOX #13
691,,H2,Sam Gurr 2019 Thresholds Geoduck BOX #13
695,,C3,Sam Gurr 2019 Thresholds Geoduck BOX #13
703,,G4,Sam Gurr 2019 Thresholds Geoduck BOX #13
709,,G1,Sam Gurr 2019 Thresholds Geoduck BOX #13
3,,C8,Sam Gurr 2019 Thresholds Geoduck BOX #14
6,,H8,Sam Gurr 2019 Thresholds Geoduck BOX #14
9,,A3,Sam Gurr 2019 Thresholds Geoduck BOX #14
19,,F2,Sam Gurr 2019 Thresholds Geoduck BOX #14
22,,I6,Sam Gurr 2019 Thresholds Geoduck BOX #14
23,,C3,Sam Gurr 2019 Thresholds Geoduck BOX #14
27,,A2,Sam Gurr 2019 Thresholds Geoduck BOX #14
40,,H1,Sam Gurr 2019 Thresholds Geoduck BOX #14
41,,D7,Sam Gurr 2019 Thresholds Geoduck BOX #14
45,,B2,Sam Gurr 2019 Thresholds Geoduck BOX #14
57,,I4,Sam Gurr 2019 Thresholds Geoduck BOX #14
70,,G7,Sam Gurr 2019 Thresholds Geoduck BOX #14
73,,E9,Sam Gurr 2019 Thresholds Geoduck BOX #14
83,,B5,Sam Gurr 2019 Thresholds Geoduck BOX #14
93,,D4,Sam Gurr 2019 Thresholds Geoduck BOX #14
96,,E1,Sam Gurr 2019 Thresholds Geoduck BOX #14
115,,A9,Sam Gurr 2019 Thresholds Geoduck BOX #14
125,,A5,Sam Gurr 2019 Thresholds Geoduck BOX #14
137,,G4,Sam Gurr 2019 Thresholds Geoduck BOX #14
148,,D9,Sam Gurr 2019 Thresholds Geoduck BOX #14
154,,F8,Sam Gurr 2019 Thresholds Geoduck BOX #14
158,,E7,Sam Gurr 2019 Thresholds Geoduck BOX #14
177,,D1,Sam Gurr 2019 Thresholds Geoduck BOX #14
188,,A7,Sam Gurr 2019 Thresholds Geoduck BOX #14
193,,I9,Sam Gurr 2019 Thresholds Geoduck BOX #14
207,,B7,Sam Gurr 2019 Thresholds Geoduck BOX #14
228,,G6,Sam Gurr 2019 Thresholds Geoduck BOX #14
241,,C9,Sam Gurr 2019 Thresholds Geoduck BOX #14
247,,G1,Sam Gurr 2019 Thresholds Geoduck BOX #14
248,,D2,Sam Gurr 2019 Thresholds Geoduck BOX #14
249,,G8,Sam Gurr 2019 Thresholds Geoduck BOX #14
250,,E8,Sam Gurr 2019 Thresholds Geoduck BOX #14
255,,C7,Sam Gurr 2019 Thresholds Geoduck BOX #14
269,,A4,Sam Gurr 2019 Thresholds Geoduck BOX #14
276,,F6,Sam Gurr 2019 Thresholds Geoduck BOX #14
286,,G2,Sam Gurr 2019 Thresholds Geoduck BOX #14
297,,F5,Sam Gurr 2019 Thresholds Geoduck BOX #14
300,,D3,Sam Gurr 2019 Thresholds Geoduck BOX #14
305,,I7,Sam Gurr 2019 Thresholds Geoduck BOX #14
319,,B3,Sam Gurr 2019 Thresholds Geoduck BOX #14
325,,C2,Sam Gurr 2019 Thresholds Geoduck BOX #14
328,,F4,Sam Gurr 2019 Thresholds Geoduck BOX #14
336,,D6,Sam Gurr 2019 Thresholds Geoduck BOX #14
339,,I1,Sam Gurr 2019 Thresholds Geoduck BOX #14
340,,H7,Sam Gurr 2019 Thresholds Geoduck BOX #14
351,,F7,Sam Gurr 2019 Thresholds Geoduck BOX #14
354,,B6,Sam Gurr 2019 Thresholds Geoduck BOX #14
355,,A6,Sam Gurr 2019 Thresholds Geoduck BOX #14
365,,F9,Sam Gurr 2019 Thresholds Geoduck BOX #14
369,,E2,Sam Gurr 2019 Thresholds Geoduck BOX #14
379,,A1,Sam Gurr 2019 Thresholds Geoduck BOX #14
385,,C6,Sam Gurr 2019 Thresholds Geoduck BOX #14
372,,E5,Sam Gurr 2019 Thresholds Geoduck BOX #14
398,,H5,Sam Gurr 2019 Thresholds Geoduck BOX #14
408,,D8,Sam Gurr 2019 Thresholds Geoduck BOX #14
411,,I2,Sam Gurr 2019 Thresholds Geoduck BOX #14
418,,B1,Sam Gurr 2019 Thresholds Geoduck BOX #14
426,,F3,Sam Gurr 2019 Thresholds Geoduck BOX #14
430,,I5,Sam Gurr 2019 Thresholds Geoduck BOX #14
433,,H2,Sam Gurr 2019 Thresholds Geoduck BOX #14
434,,I3,Sam Gurr 2019 Thresholds Geoduck BOX #14
437,,G9,Sam Gurr 2019 Thresholds Geoduck BOX #14
440,,C5,Sam Gurr 2019 Thresholds Geoduck BOX #14
449,,C4,Sam Gurr 2019 Thresholds Geoduck BOX #14
452,,D5,Sam Gurr 2019 Thresholds Geoduck BOX #14
454,,B4,Sam Gurr 2019 Thresholds Geoduck BOX #14
458,,H4,Sam Gurr 2019 Thresholds Geoduck BOX #14
472,,B9,Sam Gurr 2019 Thresholds Geoduck BOX #14
508,,F1,Sam Gurr 2019 Thresholds Geoduck BOX #14
540,,A8,Sam Gurr 2019 Thresholds Geoduck BOX #14
551,,G5,Sam Gurr 2019 Thresholds Geoduck BOX #14
553,,G3,Sam Gurr 2019 Thresholds Geoduck BOX #14
564,,I8,Sam Gurr 2019 Thresholds Geoduck BOX #14
583,,H3,Sam Gurr 2019 Thresholds Geoduck BOX #14
596,,E4,Sam Gurr 2019 Thresholds Geoduck BOX #14
601,,B8,Sam Gurr 2019 Thresholds Geoduck BOX #14
627,,C1,Sam Gurr 2019 Thresholds Geoduck BOX #14
711,,E3,Sam Gurr 2019 Thresholds Geoduck BOX #14
713,,E6,Sam Gurr 2019 Thresholds Geoduck BOX #14
12,,G1,Sam Gurr 2019 Thresholds Geoduck BOX #15
29,,E7,Sam Gurr 2019 Thresholds Geoduck BOX #15
31,,H8,Sam Gurr 2019 Thresholds Geoduck BOX #15
38,,H3,Sam Gurr 2019 Thresholds Geoduck BOX #15
49,,A4,Sam Gurr 2019 Thresholds Geoduck BOX #15
53,,I7,Sam Gurr 2019 Thresholds Geoduck BOX #15
66,,G5,Sam Gurr 2019 Thresholds Geoduck BOX #15
80,,H5,Sam Gurr 2019 Thresholds Geoduck BOX #15
85,,G8,Sam Gurr 2019 Thresholds Geoduck BOX #15
99,,I1,Sam Gurr 2019 Thresholds Geoduck BOX #15
103,,A5,Sam Gurr 2019 Thresholds Geoduck BOX #15
104,,F4,Sam Gurr 2019 Thresholds Geoduck BOX #15
116,,A7,Sam Gurr 2019 Thresholds Geoduck BOX #15
124,,G3,Sam Gurr 2019 Thresholds Geoduck BOX #15
127,,F2,Sam Gurr 2019 Thresholds Geoduck BOX #15
131,,A9,Sam Gurr 2019 Thresholds Geoduck BOX #15
146,,B1,Sam Gurr 2019 Thresholds Geoduck BOX #15
147,,A3,Sam Gurr 2019 Thresholds Geoduck BOX #15
157,,C9,Sam Gurr 2019 Thresholds Geoduck BOX #15
163,,D5,Sam Gurr 2019 Thresholds Geoduck BOX #15
176,,H7,Sam Gurr 2019 Thresholds Geoduck BOX #15
181,,E6,Sam Gurr 2019 Thresholds Geoduck BOX #15
187,,H9,Sam Gurr 2019 Thresholds Geoduck BOX #15
190,,F9,Sam Gurr 2019 Thresholds Geoduck BOX #15
196,,D7,Sam Gurr 2019 Thresholds Geoduck BOX #15
199,,D6,Sam Gurr 2019 Thresholds Geoduck BOX #15
200,,H1,Sam Gurr 2019 Thresholds Geoduck BOX #15
206,,C8,Sam Gurr 2019 Thresholds Geoduck BOX #15
212,,C2,Sam Gurr 2019 Thresholds Geoduck BOX #15
233,,B4,Sam Gurr 2019 Thresholds Geoduck BOX #15
251,,B3,Sam Gurr 2019 Thresholds Geoduck BOX #15
253,,I6,Sam Gurr 2019 Thresholds Geoduck BOX #15
258,,G2,Sam Gurr 2019 Thresholds Geoduck BOX #15
262,,F1,Sam Gurr 2019 Thresholds Geoduck BOX #15
263,,C6,Sam Gurr 2019 Thresholds Geoduck BOX #15
264,,H4,Sam Gurr 2019 Thresholds Geoduck BOX #15
284,,C1,Sam Gurr 2019 Thresholds Geoduck BOX #15
311,,I2,Sam Gurr 2019 Thresholds Geoduck BOX #15
312,,I5,Sam Gurr 2019 Thresholds Geoduck BOX #15
322,,E3,Sam Gurr 2019 Thresholds Geoduck BOX #15
330,,E5,Sam Gurr 2019 Thresholds Geoduck BOX #15
331,,B6,Sam Gurr 2019 Thresholds Geoduck BOX #15
337,,A8,Sam Gurr 2019 Thresholds Geoduck BOX #15
338,,D9,Sam Gurr 2019 Thresholds Geoduck BOX #15
341,,B9,Sam Gurr 2019 Thresholds Geoduck BOX #15
343,,C3,Sam Gurr 2019 Thresholds Geoduck BOX #15
348,,H2,Sam Gurr 2019 Thresholds Geoduck BOX #15
349,,A2,Sam Gurr 2019 Thresholds Geoduck BOX #15
370,,I4,Sam Gurr 2019 Thresholds Geoduck BOX #15
374,,B2,Sam Gurr 2019 Thresholds Geoduck BOX #15
394,,E2,Sam Gurr 2019 Thresholds Geoduck BOX #15
397,,B7,Sam Gurr 2019 Thresholds Geoduck BOX #15
400,,C5,Sam Gurr 2019 Thresholds Geoduck BOX #15
414,,D8,Sam Gurr 2019 Thresholds Geoduck BOX #15
423,,E1,Sam Gurr 2019 Thresholds Geoduck BOX #15
425,,D4,Sam Gurr 2019 Thresholds Geoduck BOX #15
432,,E9,Sam Gurr 2019 Thresholds Geoduck BOX #15
435,,I9,Sam Gurr 2019 Thresholds Geoduck BOX #15
441,,F6,Sam Gurr 2019 Thresholds Geoduck BOX #15
464,,F5,Sam Gurr 2019 Thresholds Geoduck BOX #15
478,,B8,Sam Gurr 2019 Thresholds Geoduck BOX #15
511,,D3,Sam Gurr 2019 Thresholds Geoduck BOX #15
516,,C7,Sam Gurr 2019 Thresholds Geoduck BOX #15
550,,G6,Sam Gurr 2019 Thresholds Geoduck BOX #15
556,,F7,Sam Gurr 2019 Thresholds Geoduck BOX #15
581,,D2,Sam Gurr 2019 Thresholds Geoduck BOX #15
591,,A6,Sam Gurr 2019 Thresholds Geoduck BOX #15
593,,E4,Sam Gurr 2019 Thresholds Geoduck BOX #15
600,,D1,Sam Gurr 2019 Thresholds Geoduck BOX #15
603,,C4,Sam Gurr 2019 Thresholds Geoduck BOX #15
607,,A1,Sam Gurr 2019 Thresholds Geoduck BOX #15
609,,H6,Sam Gurr 2019 Thresholds Geoduck BOX #15
634,,E8,Sam Gurr 2019 Thresholds Geoduck BOX #15
641,,G4,Sam Gurr 2019 Thresholds Geoduck BOX #15
650,,G9,Sam Gurr 2019 Thresholds Geoduck BOX #15
660,,B5,Sam Gurr 2019 Thresholds Geoduck BOX #15
668,,I8,Sam Gurr 2019 Thresholds Geoduck BOX #15
676,,G7,Sam Gurr 2019 Thresholds Geoduck BOX #15
680,,F8,Sam Gurr 2019 Thresholds Geoduck BOX #15
693,,I3,Sam Gurr 2019 Thresholds Geoduck BOX #15
704,,F3,Sam Gurr 2019 Thresholds Geoduck BOX #15
741,,C3,Sam Gurr 2019 Thresholds Geoduck BOX #16
717,,I8,Sam Gurr 2019 Thresholds Geoduck BOX #16
726,,A9,Sam Gurr 2019 Thresholds Geoduck BOX #16
729,,D4,Sam Gurr 2019 Thresholds Geoduck BOX #16
734,,C9,Sam Gurr 2019 Thresholds Geoduck BOX #16
737,,I5,Sam Gurr 2019 Thresholds Geoduck BOX #16
752,,H8,Sam Gurr 2019 Thresholds Geoduck BOX #16
764,,D3,Sam Gurr 2019 Thresholds Geoduck BOX #16
767,,B3,Sam Gurr 2019 Thresholds Geoduck BOX #16
779,,F6,Sam Gurr 2019 Thresholds Geoduck BOX #16
783,,I1,Sam Gurr 2019 Thresholds Geoduck BOX #16
746,,A6,Sam Gurr 2019 Thresholds Geoduck BOX #16
766,,H7,Sam Gurr 2019 Thresholds Geoduck BOX #16
797,,A1,Sam Gurr 2019 Thresholds Geoduck BOX #16
800,,H6,Sam Gurr 2019 Thresholds Geoduck BOX #16
806,,G3,Sam Gurr 2019 Thresholds Geoduck BOX #16
814,,D6,Sam Gurr 2019 Thresholds Geoduck BOX #16
824,,D5,Sam Gurr 2019 Thresholds Geoduck BOX #16
836,,C2,Sam Gurr 2019 Thresholds Geoduck BOX #16
840,,H4,Sam Gurr 2019 Thresholds Geoduck BOX #16
849,,E5,Sam Gurr 2019 Thresholds Geoduck BOX #16
859,,G7,Sam Gurr 2019 Thresholds Geoduck BOX #16
862,,A7,Sam Gurr 2019 Thresholds Geoduck BOX #16
880,,F9,Sam Gurr 2019 Thresholds Geoduck BOX #16
928,,I3,Sam Gurr 2019 Thresholds Geoduck BOX #16
890,,F5,Sam Gurr 2019 Thresholds Geoduck BOX #16
916,,I7,Sam Gurr 2019 Thresholds Geoduck BOX #16
917,,B8,Sam Gurr 2019 Thresholds Geoduck BOX #16
950,,I2,Sam Gurr 2019 Thresholds Geoduck BOX #16
955,,D9,Sam Gurr 2019 Thresholds Geoduck BOX #16
961,,B4,Sam Gurr 2019 Thresholds Geoduck BOX #16
975,,C7,Sam Gurr 2019 Thresholds Geoduck BOX #16
1001,,B1,Sam Gurr 2019 Thresholds Geoduck BOX #16
1036,,H1,Sam Gurr 2019 Thresholds Geoduck BOX #16
1037,,C4,Sam Gurr 2019 Thresholds Geoduck BOX #16
1061,,D8,Sam Gurr 2019 Thresholds Geoduck BOX #16
1082,,B9,Sam Gurr 2019 Thresholds Geoduck BOX #16
1110,,E6,Sam Gurr 2019 Thresholds Geoduck BOX #16
1121,,D1,Sam Gurr 2019 Thresholds Geoduck BOX #16
1126,,H2,Sam Gurr 2019 Thresholds Geoduck BOX #16
1171,,B7,Sam Gurr 2019 Thresholds Geoduck BOX #16
1212,,A8,Sam Gurr 2019 Thresholds Geoduck BOX #16
1220,,E3,Sam Gurr 2019 Thresholds Geoduck BOX #16
1224,,C6,Sam Gurr 2019 Thresholds Geoduck BOX #16
1226,,F3,Sam Gurr 2019 Thresholds Geoduck BOX #16
1231,,F4,Sam Gurr 2019 Thresholds Geoduck BOX #16
1242,,D7,Sam Gurr 2019 Thresholds Geoduck BOX #16
1243,,B6,Sam Gurr 2019 Thresholds Geoduck BOX #16
1248,,G1,Sam Gurr 2019 Thresholds Geoduck BOX #16
1267,,F1,Sam Gurr 2019 Thresholds Geoduck BOX #16
1279,,E1,Sam Gurr 2019 Thresholds Geoduck BOX #16
1280,,C1,Sam Gurr 2019 Thresholds Geoduck BOX #16
1283,,H3,Sam Gurr 2019 Thresholds Geoduck BOX #16
1291,,E2,Sam Gurr 2019 Thresholds Geoduck BOX #16
1328,,E9,Sam Gurr 2019 Thresholds Geoduck BOX #16
1336,,F2,Sam Gurr 2019 Thresholds Geoduck BOX #16
1337,,A5,Sam Gurr 2019 Thresholds Geoduck BOX #16
1352,,F8,Sam Gurr 2019 Thresholds Geoduck BOX #16
1362,,C8,Sam Gurr 2019 Thresholds Geoduck BOX #16
1403,,H9,Sam Gurr 2019 Thresholds Geoduck BOX #16
1408,,D2,Sam Gurr 2019 Thresholds Geoduck BOX #16
1450,,I6,Sam Gurr 2019 Thresholds Geoduck BOX #16
1461,,G2,Sam Gurr 2019 Thresholds Geoduck BOX #16
1472,,G8,Sam Gurr 2019 Thresholds Geoduck BOX #16
1493,,C5,Sam Gurr 2019 Thresholds Geoduck BOX #16
1498,,I4,Sam Gurr 2019 Thresholds Geoduck BOX #16
1520,,F7,Sam Gurr 2019 Thresholds Geoduck BOX #16
1534,,E8,Sam Gurr 2019 Thresholds Geoduck BOX #16
1577,,G6,Sam Gurr 2019 Thresholds Geoduck BOX #16
1584,,A4,Sam Gurr 2019 Thresholds Geoduck BOX #16
1586,,H5,Sam Gurr 2019 Thresholds Geoduck BOX #16
1606,,G9,Sam Gurr 2019 Thresholds Geoduck BOX #16
1615,,G5,Sam Gurr 2019 Thresholds Geoduck BOX #16
1645,,G4,Sam Gurr 2019 Thresholds Geoduck BOX #16
1650,,B5,Sam Gurr 2019 Thresholds Geoduck BOX #16
718,,D2,Sam Gurr 2019 Thresholds Geoduck BOX #17
719,,D5,Sam Gurr 2019 Thresholds Geoduck BOX #17
730,,H4,Sam Gurr 2019 Thresholds Geoduck BOX #17
735,,D6,Sam Gurr 2019 Thresholds Geoduck BOX #17
756,,F9,Sam Gurr 2019 Thresholds Geoduck BOX #17
736,,I7,Sam Gurr 2019 Thresholds Geoduck BOX #17
747,,G1,Sam Gurr 2019 Thresholds Geoduck BOX #17
754,,B6,Sam Gurr 2019 Thresholds Geoduck BOX #17
757,,I8,Sam Gurr 2019 Thresholds Geoduck BOX #17
763,,C8,Sam Gurr 2019 Thresholds Geoduck BOX #17
778,,H7,Sam Gurr 2019 Thresholds Geoduck BOX #17
739,,E2,Sam Gurr 2019 Thresholds Geoduck BOX #17
822,,A7,Sam Gurr 2019 Thresholds Geoduck BOX #17
825,,G8,Sam Gurr 2019 Thresholds Geoduck BOX #17
827,,H2,Sam Gurr 2019 Thresholds Geoduck BOX #17
833,,I6,Sam Gurr 2019 Thresholds Geoduck BOX #17
896,,H9,Sam Gurr 2019 Thresholds Geoduck BOX #17
897,,E7,Sam Gurr 2019 Thresholds Geoduck BOX #17
906,,C2,Sam Gurr 2019 Thresholds Geoduck BOX #17
722,,H8,Sam Gurr 2019 Thresholds Geoduck BOX #17
929,,F5,Sam Gurr 2019 Thresholds Geoduck BOX #17
951,,G4,Sam Gurr 2019 Thresholds Geoduck BOX #17
1008,,F8,Sam Gurr 2019 Thresholds Geoduck BOX #17
1010,,C3,Sam Gurr 2019 Thresholds Geoduck BOX #17
1011,,A2,Sam Gurr 2019 Thresholds Geoduck BOX #17
1014,,A9,Sam Gurr 2019 Thresholds Geoduck BOX #17
1019,,G2,Sam Gurr 2019 Thresholds Geoduck BOX #17
1024,,D8,Sam Gurr 2019 Thresholds Geoduck BOX #17
1069,,F4,Sam Gurr 2019 Thresholds Geoduck BOX #17
1071,,F6,Sam Gurr 2019 Thresholds Geoduck BOX #17
1078,,E3,Sam Gurr 2019 Thresholds Geoduck BOX #17
1084,,E1,Sam Gurr 2019 Thresholds Geoduck BOX #17
1094,,B5,Sam Gurr 2019 Thresholds Geoduck BOX #17
1104,,G7,Sam Gurr 2019 Thresholds Geoduck BOX #17
1111,,I1,Sam Gurr 2019 Thresholds Geoduck BOX #17
1146,,B1,Sam Gurr 2019 Thresholds Geoduck BOX #17
1190,,A8,Sam Gurr 2019 Thresholds Geoduck BOX #17
1192,,E6,Sam Gurr 2019 Thresholds Geoduck BOX #17
1229,,D3,Sam Gurr 2019 Thresholds Geoduck BOX #17
1245,,D1,Sam Gurr 2019 Thresholds Geoduck BOX #17
1251,,C7,Sam Gurr 2019 Thresholds Geoduck BOX #17
1261,,G3,Sam Gurr 2019 Thresholds Geoduck BOX #17
1284,,I5,Sam Gurr 2019 Thresholds Geoduck BOX #17
1290,,B7,Sam Gurr 2019 Thresholds Geoduck BOX #17
1293,,E8,Sam Gurr 2019 Thresholds Geoduck BOX #17
1315,,B4,Sam Gurr 2019 Thresholds Geoduck BOX #17
1346,,F7,Sam Gurr 2019 Thresholds Geoduck BOX #17
1348,,A4,Sam Gurr 2019 Thresholds Geoduck BOX #17
1350,,C4,Sam Gurr 2019 Thresholds Geoduck BOX #17
1358,,B2,Sam Gurr 2019 Thresholds Geoduck BOX #17
1372,,A6,Sam Gurr 2019 Thresholds Geoduck BOX #17
1375,,H1,Sam Gurr 2019 Thresholds Geoduck BOX #17
1385,,A5,Sam Gurr 2019 Thresholds Geoduck BOX #17
1401,,I4,Sam Gurr 2019 Thresholds Geoduck BOX #17
1406,,B9,Sam Gurr 2019 Thresholds Geoduck BOX #17
1454,,I2,Sam Gurr 2019 Thresholds Geoduck BOX #17
1462,,F3,Sam Gurr 2019 Thresholds Geoduck BOX #17
1500,,H5,Sam Gurr 2019 Thresholds Geoduck BOX #17
1502,,I9,Sam Gurr 2019 Thresholds Geoduck BOX #17
1523,,D7,Sam Gurr 2019 Thresholds Geoduck BOX #17
1530,,H3,Sam Gurr 2019 Thresholds Geoduck BOX #17
1554,,E4,Sam Gurr 2019 Thresholds Geoduck BOX #17
1540,,C5,Sam Gurr 2019 Thresholds Geoduck BOX #17
1548,,E9,Sam Gurr 2019 Thresholds Geoduck BOX #17
1572,,F2,Sam Gurr 2019 Thresholds Geoduck BOX #17
1575,,G5,Sam Gurr 2019 Thresholds Geoduck BOX #17
1591,,H6,Sam Gurr 2019 Thresholds Geoduck BOX #17
1597,,D9,Sam Gurr 2019 Thresholds Geoduck BOX #17
1607,,C9,Sam Gurr 2019 Thresholds Geoduck BOX #17
1628,,G6,Sam Gurr 2019 Thresholds Geoduck BOX #17
1639,,B3,Sam Gurr 2019 Thresholds Geoduck BOX #17
1651,,B8,Sam Gurr 2019 Thresholds Geoduck BOX #17
1495,,C9,Sam Gurr 2019 Thresholds Geoduck BOX #18
725,,C7,Sam Gurr 2019 Thresholds Geoduck BOX #18
728,,A8,Sam Gurr 2019 Thresholds Geoduck BOX #18
751,,D2,Sam Gurr 2019 Thresholds Geoduck BOX #18
776,,I3,Sam Gurr 2019 Thresholds Geoduck BOX #18
791,,B2,Sam Gurr 2019 Thresholds Geoduck BOX #18
793,,H4,Sam Gurr 2019 Thresholds Geoduck BOX #18
803,,F3,Sam Gurr 2019 Thresholds Geoduck BOX #18
805,,F2,Sam Gurr 2019 Thresholds Geoduck BOX #18
816,,C1,Sam Gurr 2019 Thresholds Geoduck BOX #18
918,,E1,Sam Gurr 2019 Thresholds Geoduck BOX #18
832,,F8,Sam Gurr 2019 Thresholds Geoduck BOX #18
850,,A5,Sam Gurr 2019 Thresholds Geoduck BOX #18
852,,F7,Sam Gurr 2019 Thresholds Geoduck BOX #18
866,,B8,Sam Gurr 2019 Thresholds Geoduck BOX #18
875,,B1,Sam Gurr 2019 Thresholds Geoduck BOX #18
893,,E8,Sam Gurr 2019 Thresholds Geoduck BOX #18
903,,H7,Sam Gurr 2019 Thresholds Geoduck BOX #18
997,,D9,Sam Gurr 2019 Thresholds Geoduck BOX #18
913,,I5,Sam Gurr 2019 Thresholds Geoduck BOX #18
930,,A7,Sam Gurr 2019 Thresholds Geoduck BOX #18
933,,C8,Sam Gurr 2019 Thresholds Geoduck BOX #18
943,,I4,Sam Gurr 2019 Thresholds Geoduck BOX #18
953,,I2,Sam Gurr 2019 Thresholds Geoduck BOX #18
954,,G7,Sam Gurr 2019 Thresholds Geoduck BOX #18
981,,I7,Sam Gurr 2019 Thresholds Geoduck BOX #18
985,,B7,Sam Gurr 2019 Thresholds Geoduck BOX #18
987,,E3,Sam Gurr 2019 Thresholds Geoduck BOX #18
989,,F4,Sam Gurr 2019 Thresholds Geoduck BOX #18
1009,,B4,Sam Gurr 2019 Thresholds Geoduck BOX #18
1012,,D1,Sam Gurr 2019 Thresholds Geoduck BOX #18
1039,,E2,Sam Gurr 2019 Thresholds Geoduck BOX #18
1041,,D6,Sam Gurr 2019 Thresholds Geoduck BOX #18
1077,,D8,Sam Gurr 2019 Thresholds Geoduck BOX #18
1088,,E5,Sam Gurr 2019 Thresholds Geoduck BOX #18
1099,,H3,Sam Gurr 2019 Thresholds Geoduck BOX #18
1115,,A1,Sam Gurr 2019 Thresholds Geoduck BOX #18
1117,,A3,Sam Gurr 2019 Thresholds Geoduck BOX #18
1127,,G3,Sam Gurr 2019 Thresholds Geoduck BOX #18
1175,,F5,Sam Gurr 2019 Thresholds Geoduck BOX #18
1181,,C5,Sam Gurr 2019 Thresholds Geoduck BOX #18
1198,,I6,Sam Gurr 2019 Thresholds Geoduck BOX #18
1204,,H9,Sam Gurr 2019 Thresholds Geoduck BOX #18
1210,,C4,Sam Gurr 2019 Thresholds Geoduck BOX #18
1237,,B3,Sam Gurr 2019 Thresholds Geoduck BOX #18
1264,,H1,Sam Gurr 2019 Thresholds Geoduck BOX #18
1270,,I1,Sam Gurr 2019 Thresholds Geoduck BOX #18
1286,,I8,Sam Gurr 2019 Thresholds Geoduck BOX #18
1287,,G4,Sam Gurr 2019 Thresholds Geoduck BOX #18
1312,,D5,Sam Gurr 2019 Thresholds Geoduck BOX #18
1320,,E6,Sam Gurr 2019 Thresholds Geoduck BOX #18
1322,,B5,Sam Gurr 2019 Thresholds Geoduck BOX #18
1325,,G2,Sam Gurr 2019 Thresholds Geoduck BOX #18
1326,,F9,Sam Gurr 2019 Thresholds Geoduck BOX #18
1329,,F1,Sam Gurr 2019 Thresholds Geoduck BOX #18
1343,,A9,Sam Gurr 2019 Thresholds Geoduck BOX #18
1355,,C6,Sam Gurr 2019 Thresholds Geoduck BOX #18
1370,,F6,Sam Gurr 2019 Thresholds Geoduck BOX #18
1371,,H2,Sam Gurr 2019 Thresholds Geoduck BOX #18
1377,,A6,Sam Gurr 2019 Thresholds Geoduck BOX #18
1395,,H8,Sam Gurr 2019 Thresholds Geoduck BOX #18
1405,,G6,Sam Gurr 2019 Thresholds Geoduck BOX #18
1411,,E9,Sam Gurr 2019 Thresholds Geoduck BOX #18
1423,,C3,Sam Gurr 2019 Thresholds Geoduck BOX #18
1424,,G5,Sam Gurr 2019 Thresholds Geoduck BOX #18
1458,,E7,Sam Gurr 2019 Thresholds Geoduck BOX #18
1466,,A4,Sam Gurr 2019 Thresholds Geoduck BOX #18
1490,,B9,Sam Gurr 2019 Thresholds Geoduck BOX #18
1491,,G8,Sam Gurr 2019 Thresholds Geoduck BOX #18
1504,,G9,Sam Gurr 2019 Thresholds Geoduck BOX #18
1537,,D4,Sam Gurr 2019 Thresholds Geoduck BOX #18
1574,,A2,Sam Gurr 2019 Thresholds Geoduck BOX #18
1609,,H5,Sam Gurr 2019 Thresholds Geoduck BOX #18
1613,,D7,Sam Gurr 2019 Thresholds Geoduck BOX #18
1614,,H6,Sam Gurr 2019 Thresholds Geoduck BOX #18
1641,,C2,Sam Gurr 2019 Thresholds Geoduck BOX #18
1400,,E4,Sam Gurr 2019 Thresholds Geoduck BOX #18
882,,F7,Sam Gurr 2019 Thresholds Geoduck BOX #19
936,,H8,Sam Gurr 2019 Thresholds Geoduck BOX #19
720,,G2,Sam Gurr 2019 Thresholds Geoduck BOX #19
733,,A2,Sam Gurr 2019 Thresholds Geoduck BOX #19
758,,A4,Sam Gurr 2019 Thresholds Geoduck BOX #19
759,,A7,Sam Gurr 2019 Thresholds Geoduck BOX #19
761,,I4,Sam Gurr 2019 Thresholds Geoduck BOX #19
775,,G9,Sam Gurr 2019 Thresholds Geoduck BOX #19
777,,I1,Sam Gurr 2019 Thresholds Geoduck BOX #19
781,,F5,Sam Gurr 2019 Thresholds Geoduck BOX #19
782,,I2,Sam Gurr 2019 Thresholds Geoduck BOX #19
802,,H5,Sam Gurr 2019 Thresholds Geoduck BOX #19
809,,B8,Sam Gurr 2019 Thresholds Geoduck BOX #19
815,,C4,Sam Gurr 2019 Thresholds Geoduck BOX #19
819,,B1,Sam Gurr 2019 Thresholds Geoduck BOX #19
826,,B9,Sam Gurr 2019 Thresholds Geoduck BOX #19
829,,B3,Sam Gurr 2019 Thresholds Geoduck BOX #19
841,,F8,Sam Gurr 2019 Thresholds Geoduck BOX #19
853,,H3,Sam Gurr 2019 Thresholds Geoduck BOX #19
854,,F3,Sam Gurr 2019 Thresholds Geoduck BOX #19
870,duplicated,G8,Sam Gurr 2019 Thresholds Geoduck BOX #19
873,,F1,Sam Gurr 2019 Thresholds Geoduck BOX #19
886,,E9,Sam Gurr 2019 Thresholds Geoduck BOX #19
889,,I6,Sam Gurr 2019 Thresholds Geoduck BOX #19
904,,F6,Sam Gurr 2019 Thresholds Geoduck BOX #19
907,,C9,Sam Gurr 2019 Thresholds Geoduck BOX #19
910,,A5,Sam Gurr 2019 Thresholds Geoduck BOX #19
922,,D5,Sam Gurr 2019 Thresholds Geoduck BOX #19
937,,F9,Sam Gurr 2019 Thresholds Geoduck BOX #19
947,,F4,Sam Gurr 2019 Thresholds Geoduck BOX #19
972,,H1,Sam Gurr 2019 Thresholds Geoduck BOX #19
982,,H2,Sam Gurr 2019 Thresholds Geoduck BOX #19
784,,E3,Sam Gurr 2019 Thresholds Geoduck BOX #19
986,,G7,Sam Gurr 2019 Thresholds Geoduck BOX #19
1030,,B7,Sam Gurr 2019 Thresholds Geoduck BOX #19
1033,,I5,Sam Gurr 2019 Thresholds Geoduck BOX #19
1035,,I3,Sam Gurr 2019 Thresholds Geoduck BOX #19
1038,,E2,Sam Gurr 2019 Thresholds Geoduck BOX #19
1043,,D3,Sam Gurr 2019 Thresholds Geoduck BOX #19
1047,,A1,Sam Gurr 2019 Thresholds Geoduck BOX #19
1050,,A3,Sam Gurr 2019 Thresholds Geoduck BOX #19
1059,,G3,Sam Gurr 2019 Thresholds Geoduck BOX #19
1060,,B5,Sam Gurr 2019 Thresholds Geoduck BOX #19
1080,,D4,Sam Gurr 2019 Thresholds Geoduck BOX #19
1102,,D7,Sam Gurr 2019 Thresholds Geoduck BOX #19
1124,,I7,Sam Gurr 2019 Thresholds Geoduck BOX #19
1152,,G4,Sam Gurr 2019 Thresholds Geoduck BOX #19
1179,,D1,Sam Gurr 2019 Thresholds Geoduck BOX #19
1182,,C6,Sam Gurr 2019 Thresholds Geoduck BOX #19
1188,,A8,Sam Gurr 2019 Thresholds Geoduck BOX #19
1200,,H7,Sam Gurr 2019 Thresholds Geoduck BOX #19
1225,,D8,Sam Gurr 2019 Thresholds Geoduck BOX #19
1238,,C2,Sam Gurr 2019 Thresholds Geoduck BOX #19
1247,,C1,Sam Gurr 2019 Thresholds Geoduck BOX #19
1252,,D9,Sam Gurr 2019 Thresholds Geoduck BOX #19
1254,,E6,Sam Gurr 2019 Thresholds Geoduck BOX #19
1281,,G6,Sam Gurr 2019 Thresholds Geoduck BOX #19
1255,,E7,Sam Gurr 2019 Thresholds Geoduck BOX #19
1288,,C3,Sam Gurr 2019 Thresholds Geoduck BOX #19
1304,,I9,Sam Gurr 2019 Thresholds Geoduck BOX #19
1311,,G5,Sam Gurr 2019 Thresholds Geoduck BOX #19
1332,,B6,Sam Gurr 2019 Thresholds Geoduck BOX #19
1338,,H6,Sam Gurr 2019 Thresholds Geoduck BOX #19
1349,,E5,Sam Gurr 2019 Thresholds Geoduck BOX #19
1354,,H9,Sam Gurr 2019 Thresholds Geoduck BOX #19
1359,,C5,Sam Gurr 2019 Thresholds Geoduck BOX #19
1361,,E1,Sam Gurr 2019 Thresholds Geoduck BOX #19
1368,,E4,Sam Gurr 2019 Thresholds Geoduck BOX #19
1374,,D2,Sam Gurr 2019 Thresholds Geoduck BOX #19
1387,,H4,Sam Gurr 2019 Thresholds Geoduck BOX #19
1409,,B4,Sam Gurr 2019 Thresholds Geoduck BOX #19
1488,,C8,Sam Gurr 2019 Thresholds Geoduck BOX #19
1515,,D6,Sam Gurr 2019 Thresholds Geoduck BOX #19
1552,,I8,Sam Gurr 2019 Thresholds Geoduck BOX #19
1593,,A9,Sam Gurr 2019 Thresholds Geoduck BOX #19
1600,,A6,Sam Gurr 2019 Thresholds Geoduck BOX #19
1616,,C7,Sam Gurr 2019 Thresholds Geoduck BOX #19
1647,,F2,Sam Gurr 2019 Thresholds Geoduck BOX #19
1570,,B2,Sam Gurr 2019 Thresholds Geoduck BOX #19
13,,C6,Sam Gurr 2019 Thresholds Geoduck BOX #2
17,,F6,Sam Gurr 2019 Thresholds Geoduck BOX #2
20,,H4,Sam Gurr 2019 Thresholds Geoduck BOX #2
21,,D8,Sam Gurr 2019 Thresholds Geoduck BOX #2
26,,F5,Sam Gurr 2019 Thresholds Geoduck BOX #2
33,,E5,Sam Gurr 2019 Thresholds Geoduck BOX #2
35,,I7,Sam Gurr 2019 Thresholds Geoduck BOX #2
47,,H9,Sam Gurr 2019 Thresholds Geoduck BOX #2
59,,G4,Sam Gurr 2019 Thresholds Geoduck BOX #2
61,,I5,Sam Gurr 2019 Thresholds Geoduck BOX #2
64,,E2,Sam Gurr 2019 Thresholds Geoduck BOX #2
67,,D2,Sam Gurr 2019 Thresholds Geoduck BOX #2
69,,C4,Sam Gurr 2019 Thresholds Geoduck BOX #2
78,,I9,Sam Gurr 2019 Thresholds Geoduck BOX #2
82,,A2,Sam Gurr 2019 Thresholds Geoduck BOX #2
90,,I4,Sam Gurr 2019 Thresholds Geoduck BOX #2
92,,A8,Sam Gurr 2019 Thresholds Geoduck BOX #2
101,,F4,Sam Gurr 2019 Thresholds Geoduck BOX #2
105,,D9,Sam Gurr 2019 Thresholds Geoduck BOX #2
119,,I6,Sam Gurr 2019 Thresholds Geoduck BOX #2
122,,B6,Sam Gurr 2019 Thresholds Geoduck BOX #2
145,,A4,Sam Gurr 2019 Thresholds Geoduck BOX #2
168,,H6,Sam Gurr 2019 Thresholds Geoduck BOX #2
170,,D6,Sam Gurr 2019 Thresholds Geoduck BOX #2
175,,E7,Sam Gurr 2019 Thresholds Geoduck BOX #2
179,,F1,Sam Gurr 2019 Thresholds Geoduck BOX #2
183,,E9,Sam Gurr 2019 Thresholds Geoduck BOX #2
186,,F2,Sam Gurr 2019 Thresholds Geoduck BOX #2
189,,B3,Sam Gurr 2019 Thresholds Geoduck BOX #2
195,,I1,Sam Gurr 2019 Thresholds Geoduck BOX #2
197,,E8,Sam Gurr 2019 Thresholds Geoduck BOX #2
201,,C1,Sam Gurr 2019 Thresholds Geoduck BOX #2
203,,C5,Sam Gurr 2019 Thresholds Geoduck BOX #2
215,,E6,Sam Gurr 2019 Thresholds Geoduck BOX #2
226,,B1,Sam Gurr 2019 Thresholds Geoduck BOX #2
238,,D1,Sam Gurr 2019 Thresholds Geoduck BOX #2
252,,E1,Sam Gurr 2019 Thresholds Geoduck BOX #2
260,,D3,Sam Gurr 2019 Thresholds Geoduck BOX #2
267,,B2,Sam Gurr 2019 Thresholds Geoduck BOX #2
268,,F7,Sam Gurr 2019 Thresholds Geoduck BOX #2
279,,G2,Sam Gurr 2019 Thresholds Geoduck BOX #2
285,,I3,Sam Gurr 2019 Thresholds Geoduck BOX #2
302,,C9,Sam Gurr 2019 Thresholds Geoduck BOX #2
318,,B5,Sam Gurr 2019 Thresholds Geoduck BOX #2
320,,G9,Sam Gurr 2019 Thresholds Geoduck BOX #2
329,,A1,Sam Gurr 2019 Thresholds Geoduck BOX #2
345,,A9,Sam Gurr 2019 Thresholds Geoduck BOX #2
360,,G6,Sam Gurr 2019 Thresholds Geoduck BOX #2
364,,C2,Sam Gurr 2019 Thresholds Geoduck BOX #2
381,,I2,Sam Gurr 2019 Thresholds Geoduck BOX #2
388,,C8,Sam Gurr 2019 Thresholds Geoduck BOX #2
401,,A6,Sam Gurr 2019 Thresholds Geoduck BOX #2
402,,I8,Sam Gurr 2019 Thresholds Geoduck BOX #2
403,,F3,Sam Gurr 2019 Thresholds Geoduck BOX #2
405,,H3,Sam Gurr 2019 Thresholds Geoduck BOX #2
429,,A7,Sam Gurr 2019 Thresholds Geoduck BOX #2
438,,D4,Sam Gurr 2019 Thresholds Geoduck BOX #2
444,,G7,Sam Gurr 2019 Thresholds Geoduck BOX #2
445,,H7,Sam Gurr 2019 Thresholds Geoduck BOX #2
453,,G8,Sam Gurr 2019 Thresholds Geoduck BOX #2
456,,F8,Sam Gurr 2019 Thresholds Geoduck BOX #2
461,,H8,Sam Gurr 2019 Thresholds Geoduck BOX #2
462,,A3,Sam Gurr 2019 Thresholds Geoduck BOX #2
463,,B8,Sam Gurr 2019 Thresholds Geoduck BOX #2
466,,D7,Sam Gurr 2019 Thresholds Geoduck BOX #2
475,,B4,Sam Gurr 2019 Thresholds Geoduck BOX #2
498,,H2,Sam Gurr 2019 Thresholds Geoduck BOX #2
515,,D5,Sam Gurr 2019 Thresholds Geoduck BOX #2
533,,B9,Sam Gurr 2019 Thresholds Geoduck BOX #2
538,,H5,Sam Gurr 2019 Thresholds Geoduck BOX #2
558,,C7,Sam Gurr 2019 Thresholds Geoduck BOX #2
559,,B7,Sam Gurr 2019 Thresholds Geoduck BOX #2
560,,C3,Sam Gurr 2019 Thresholds Geoduck BOX #2
571,,E4,Sam Gurr 2019 Thresholds Geoduck BOX #2
577,,E3,Sam Gurr 2019 Thresholds Geoduck BOX #2
580,,A5,Sam Gurr 2019 Thresholds Geoduck BOX #2
584,,H1,Sam Gurr 2019 Thresholds Geoduck BOX #2
595,,G3,Sam Gurr 2019 Thresholds Geoduck BOX #2
617,,F9,Sam Gurr 2019 Thresholds Geoduck BOX #2
644,,G1,Sam Gurr 2019 Thresholds Geoduck BOX #2
667,,G5,Sam Gurr 2019 Thresholds Geoduck BOX #2
744,,B9,Sam Gurr 2019 Thresholds Geoduck BOX #20
765,,G2,Sam Gurr 2019 Thresholds Geoduck BOX #20
769,,C2,Sam Gurr 2019 Thresholds Geoduck BOX #20
796,,E1,Sam Gurr 2019 Thresholds Geoduck BOX #20
818,,I5,Sam Gurr 2019 Thresholds Geoduck BOX #20
830,,I7,Sam Gurr 2019 Thresholds Geoduck BOX #20
842,,G3,Sam Gurr 2019 Thresholds Geoduck BOX #20
844,,G7,Sam Gurr 2019 Thresholds Geoduck BOX #20
877,,D5,Sam Gurr 2019 Thresholds Geoduck BOX #20
900,,B5,Sam Gurr 2019 Thresholds Geoduck BOX #20
902,,H2,Sam Gurr 2019 Thresholds Geoduck BOX #20
911,,E6,Sam Gurr 2019 Thresholds Geoduck BOX #20
912,,H9,Sam Gurr 2019 Thresholds Geoduck BOX #20
942,,I9,Sam Gurr 2019 Thresholds Geoduck BOX #20
960,,D4,Sam Gurr 2019 Thresholds Geoduck BOX #20
962,,D2,Sam Gurr 2019 Thresholds Geoduck BOX #20
966,,I1,Sam Gurr 2019 Thresholds Geoduck BOX #20
984,,B4,Sam Gurr 2019 Thresholds Geoduck BOX #20
988,,F9,Sam Gurr 2019 Thresholds Geoduck BOX #20
995,,A7,Sam Gurr 2019 Thresholds Geoduck BOX #20
1015,,F1,Sam Gurr 2019 Thresholds Geoduck BOX #20
1016,,F7,Sam Gurr 2019 Thresholds Geoduck BOX #20
1022,,C9,Sam Gurr 2019 Thresholds Geoduck BOX #20
1032,,G6,Sam Gurr 2019 Thresholds Geoduck BOX #20
1063,,D6,Sam Gurr 2019 Thresholds Geoduck BOX #20
1058,,C3,Sam Gurr 2019 Thresholds Geoduck BOX #20
1085,,I2,Sam Gurr 2019 Thresholds Geoduck BOX #20
1090,,F4,Sam Gurr 2019 Thresholds Geoduck BOX #20
1105,,A9,Sam Gurr 2019 Thresholds Geoduck BOX #20
1123,,B6,Sam Gurr 2019 Thresholds Geoduck BOX #20
1125,,G8,Sam Gurr 2019 Thresholds Geoduck BOX #20
1130,,H7,Sam Gurr 2019 Thresholds Geoduck BOX #20
1136,,A3,Sam Gurr 2019 Thresholds Geoduck BOX #20
1139,,E4,Sam Gurr 2019 Thresholds Geoduck BOX #20
1144,,E9,Sam Gurr 2019 Thresholds Geoduck BOX #20
1161,,B8,Sam Gurr 2019 Thresholds Geoduck BOX #20
1207,,F3,Sam Gurr 2019 Thresholds Geoduck BOX #20
1211,,I6,Sam Gurr 2019 Thresholds Geoduck BOX #20
1214,,A1,Sam Gurr 2019 Thresholds Geoduck BOX #20
1215,,E5,Sam Gurr 2019 Thresholds Geoduck BOX #20
1217,,B1,Sam Gurr 2019 Thresholds Geoduck BOX #20
1227,,F8,Sam Gurr 2019 Thresholds Geoduck BOX #20
1233,,H3,Sam Gurr 2019 Thresholds Geoduck BOX #20
1236,,C8,Sam Gurr 2019 Thresholds Geoduck BOX #20
1249,,F6,Sam Gurr 2019 Thresholds Geoduck BOX #20
1250,,H8,Sam Gurr 2019 Thresholds Geoduck BOX #20
1256,,B3,Sam Gurr 2019 Thresholds Geoduck BOX #20
1259,,I3,Sam Gurr 2019 Thresholds Geoduck BOX #20
1276,,C1,Sam Gurr 2019 Thresholds Geoduck BOX #20
1307,,D3,Sam Gurr 2019 Thresholds Geoduck BOX #20
1309,,D7,Sam Gurr 2019 Thresholds Geoduck BOX #20
1324,,B7,Sam Gurr 2019 Thresholds Geoduck BOX #20
1333,,E8,Sam Gurr 2019 Thresholds Geoduck BOX #20
1335,,E7,Sam Gurr 2019 Thresholds Geoduck BOX #20
1344,,D9,Sam Gurr 2019 Thresholds Geoduck BOX #20
1356,,I8,Sam Gurr 2019 Thresholds Geoduck BOX #20
1392,,G5,Sam Gurr 2019 Thresholds Geoduck BOX #20
1396,,E3,Sam Gurr 2019 Thresholds Geoduck BOX #20
1410,,I4,Sam Gurr 2019 Thresholds Geoduck BOX #20
1418,,A6,Sam Gurr 2019 Thresholds Geoduck BOX #20
1427,,G1,Sam Gurr 2019 Thresholds Geoduck BOX #20
1435,,G4,Sam Gurr 2019 Thresholds Geoduck BOX #20
1449,,H6,Sam Gurr 2019 Thresholds Geoduck BOX #20
1451,,A2,Sam Gurr 2019 Thresholds Geoduck BOX #20
1457,,D1,Sam Gurr 2019 Thresholds Geoduck BOX #20
1497,,A4,Sam Gurr 2019 Thresholds Geoduck BOX #20
1503,,A8,Sam Gurr 2019 Thresholds Geoduck BOX #20
1518,,H1,Sam Gurr 2019 Thresholds Geoduck BOX #20
1533,,F2,Sam Gurr 2019 Thresholds Geoduck BOX #20
1536,,A5,Sam Gurr 2019 Thresholds Geoduck BOX #20
1551,,C6,Sam Gurr 2019 Thresholds Geoduck BOX #20
1557,,D8,Sam Gurr 2019 Thresholds Geoduck BOX #20
1626,,C7,Sam Gurr 2019 Thresholds Geoduck BOX #20
1632,,C4,Sam Gurr 2019 Thresholds Geoduck BOX #20
1633,,H4,Sam Gurr 2019 Thresholds Geoduck BOX #20
1635,,E2,Sam Gurr 2019 Thresholds Geoduck BOX #20
1640,,B2,Sam Gurr 2019 Thresholds Geoduck BOX #20
773,,B8,Sam Gurr 2019 Thresholds Geoduck BOX #21
790,,B1,Sam Gurr 2019 Thresholds Geoduck BOX #21
792,,A2,Sam Gurr 2019 Thresholds Geoduck BOX #21
804,,C7,Sam Gurr 2019 Thresholds Geoduck BOX #21
813,,B3,Sam Gurr 2019 Thresholds Geoduck BOX #21
834,,B4,Sam Gurr 2019 Thresholds Geoduck BOX #21
909,,D7,Sam Gurr 2019 Thresholds Geoduck BOX #21
925,,C5,Sam Gurr 2019 Thresholds Geoduck BOX #21
926,,D8,Sam Gurr 2019 Thresholds Geoduck BOX #21
938,,C4,Sam Gurr 2019 Thresholds Geoduck BOX #21
941,,A6,Sam Gurr 2019 Thresholds Geoduck BOX #21
991,,A4,Sam Gurr 2019 Thresholds Geoduck BOX #21
1062,,B9,Sam Gurr 2019 Thresholds Geoduck BOX #21
1044,,A9,Sam Gurr 2019 Thresholds Geoduck BOX #21
1049,,D6,Sam Gurr 2019 Thresholds Geoduck BOX #21
1074,,E9,Sam Gurr 2019 Thresholds Geoduck BOX #21
1128,,C3,Sam Gurr 2019 Thresholds Geoduck BOX #21
1148,,C9,Sam Gurr 2019 Thresholds Geoduck BOX #21
1154,,C1,Sam Gurr 2019 Thresholds Geoduck BOX #21
1173,,A7,Sam Gurr 2019 Thresholds Geoduck BOX #21
1285,,A8,Sam Gurr 2019 Thresholds Geoduck BOX #21
1305,,B7,Sam Gurr 2019 Thresholds Geoduck BOX #21
1313,,B2,Sam Gurr 2019 Thresholds Geoduck BOX #21
1345,,D4,Sam Gurr 2019 Thresholds Geoduck BOX #21
1369,,D2,Sam Gurr 2019 Thresholds Geoduck BOX #21
1415,,D9,Sam Gurr 2019 Thresholds Geoduck BOX #21
1453,,C6,Sam Gurr 2019 Thresholds Geoduck BOX #21
1468,,A1,Sam Gurr 2019 Thresholds Geoduck BOX #21
1481,,B5,Sam Gurr 2019 Thresholds Geoduck BOX #21
1508,,D1,Sam Gurr 2019 Thresholds Geoduck BOX #21
1512,,A3,Sam Gurr 2019 Thresholds Geoduck BOX #21
1514,,B6,Sam Gurr 2019 Thresholds Geoduck BOX #21
1555,,D5,Sam Gurr 2019 Thresholds Geoduck BOX #21
1578,,C2,Sam Gurr 2019 Thresholds Geoduck BOX #21
1603,,D3,Sam Gurr 2019 Thresholds Geoduck BOX #21
1648,,A5,Sam Gurr 2019 Thresholds Geoduck BOX #21
24,,F1,Sam Gurr 2019 Thresholds Geoduck BOX #3
30,,E8,Sam Gurr 2019 Thresholds Geoduck BOX #3
48,,G6,Sam Gurr 2019 Thresholds Geoduck BOX #3
52,,G2,Sam Gurr 2019 Thresholds Geoduck BOX #3
79,,C1,Sam Gurr 2019 Thresholds Geoduck BOX #3
87,,A5,Sam Gurr 2019 Thresholds Geoduck BOX #3
97,,D9,Sam Gurr 2019 Thresholds Geoduck BOX #3
123,,B5,Sam Gurr 2019 Thresholds Geoduck BOX #3
130,,F5,Sam Gurr 2019 Thresholds Geoduck BOX #3
138,,C2,Sam Gurr 2019 Thresholds Geoduck BOX #3
139,,E7,Sam Gurr 2019 Thresholds Geoduck BOX #3
153,,B6,Sam Gurr 2019 Thresholds Geoduck BOX #3
184,,C9,Sam Gurr 2019 Thresholds Geoduck BOX #3
185,,D4,Sam Gurr 2019 Thresholds Geoduck BOX #3
191,,H2,Sam Gurr 2019 Thresholds Geoduck BOX #3
194,,G1,Sam Gurr 2019 Thresholds Geoduck BOX #3
198,,A9,Sam Gurr 2019 Thresholds Geoduck BOX #3
210,,A6,Sam Gurr 2019 Thresholds Geoduck BOX #3
213,,C7,Sam Gurr 2019 Thresholds Geoduck BOX #3
214,,B3,Sam Gurr 2019 Thresholds Geoduck BOX #3
216,,I9,Sam Gurr 2019 Thresholds Geoduck BOX #3
218,,F6,Sam Gurr 2019 Thresholds Geoduck BOX #3
219,,A3,Sam Gurr 2019 Thresholds Geoduck BOX #3
220,,C8,Sam Gurr 2019 Thresholds Geoduck BOX #3
223,,I3,Sam Gurr 2019 Thresholds Geoduck BOX #3
224,,D6,Sam Gurr 2019 Thresholds Geoduck BOX #3
225,,F8,Sam Gurr 2019 Thresholds Geoduck BOX #3
282,,D1,Sam Gurr 2019 Thresholds Geoduck BOX #3
232,,E6,Sam Gurr 2019 Thresholds Geoduck BOX #3
234,,E9,Sam Gurr 2019 Thresholds Geoduck BOX #3
271,,C4,Sam Gurr 2019 Thresholds Geoduck BOX #3
272,,H4,Sam Gurr 2019 Thresholds Geoduck BOX #3
280,,G9,Sam Gurr 2019 Thresholds Geoduck BOX #3
295,,H6,Sam Gurr 2019 Thresholds Geoduck BOX #3
296,,H3,Sam Gurr 2019 Thresholds Geoduck BOX #3
307,,H9,Sam Gurr 2019 Thresholds Geoduck BOX #3
317,,A2,Sam Gurr 2019 Thresholds Geoduck BOX #3
324,,C6,Sam Gurr 2019 Thresholds Geoduck BOX #3
356,,H5,Sam Gurr 2019 Thresholds Geoduck BOX #3
361,,E3,Sam Gurr 2019 Thresholds Geoduck BOX #3
358,,A7,Sam Gurr 2019 Thresholds Geoduck BOX #3
368,,C5,Sam Gurr 2019 Thresholds Geoduck BOX #3
376,,I1,Sam Gurr 2019 Thresholds Geoduck BOX #3
386,,B2,Sam Gurr 2019 Thresholds Geoduck BOX #3
404,,H8,Sam Gurr 2019 Thresholds Geoduck BOX #3
406,,C3,Sam Gurr 2019 Thresholds Geoduck BOX #3
424,,D5,Sam Gurr 2019 Thresholds Geoduck BOX #3
439,,F7,Sam Gurr 2019 Thresholds Geoduck BOX #3
451,,F4,Sam Gurr 2019 Thresholds Geoduck BOX #3
455,,B1,Sam Gurr 2019 Thresholds Geoduck BOX #3
467,,H7,Sam Gurr 2019 Thresholds Geoduck BOX #3
471,,I2,Sam Gurr 2019 Thresholds Geoduck BOX #3
483,,I6,Sam Gurr 2019 Thresholds Geoduck BOX #3
495,,I7,Sam Gurr 2019 Thresholds Geoduck BOX #3
496,,G7,Sam Gurr 2019 Thresholds Geoduck BOX #3
526,,E2,Sam Gurr 2019 Thresholds Geoduck BOX #3
557,,G5,Sam Gurr 2019 Thresholds Geoduck BOX #3
567,,B9,Sam Gurr 2019 Thresholds Geoduck BOX #3
575,,A4,Sam Gurr 2019 Thresholds Geoduck BOX #3
576,,E5,Sam Gurr 2019 Thresholds Geoduck BOX #3
585,,F2,Sam Gurr 2019 Thresholds Geoduck BOX #3
599,,I8,Sam Gurr 2019 Thresholds Geoduck BOX #3
604,,A1,Sam Gurr 2019 Thresholds Geoduck BOX #3
606,,D2,Sam Gurr 2019 Thresholds Geoduck BOX #3
611,,A8,Sam Gurr 2019 Thresholds Geoduck BOX #3
618,,B4,Sam Gurr 2019 Thresholds Geoduck BOX #3
636,,D7,Sam Gurr 2019 Thresholds Geoduck BOX #3
638,,E4,Sam Gurr 2019 Thresholds Geoduck BOX #3
639,,G8,Sam Gurr 2019 Thresholds Geoduck BOX #3
645,,B8,Sam Gurr 2019 Thresholds Geoduck BOX #3
646,,B7,Sam Gurr 2019 Thresholds Geoduck BOX #3
653,,H1,Sam Gurr 2019 Thresholds Geoduck BOX #3
659,,I5,Sam Gurr 2019 Thresholds Geoduck BOX #3
665,,G3,Sam Gurr 2019 Thresholds Geoduck BOX #3
681,,D8,Sam Gurr 2019 Thresholds Geoduck BOX #3
685,,I4,Sam Gurr 2019 Thresholds Geoduck BOX #3
694,,E1,Sam Gurr 2019 Thresholds Geoduck BOX #3
705,,F9,Sam Gurr 2019 Thresholds Geoduck BOX #3
707,,G4,Sam Gurr 2019 Thresholds Geoduck BOX #3
710,,F3,Sam Gurr 2019 Thresholds Geoduck BOX #3
712,,D3,Sam Gurr 2019 Thresholds Geoduck BOX #3
4,,B8,Sam Gurr 2019 Thresholds Geoduck BOX #4
44,,H4,Sam Gurr 2019 Thresholds Geoduck BOX #4
54,,E1,Sam Gurr 2019 Thresholds Geoduck BOX #4
60,,A7,Sam Gurr 2019 Thresholds Geoduck BOX #4
76,,F7,Sam Gurr 2019 Thresholds Geoduck BOX #4
84,,C8,Sam Gurr 2019 Thresholds Geoduck BOX #4
88,,D7,Sam Gurr 2019 Thresholds Geoduck BOX #4
91,,G6,Sam Gurr 2019 Thresholds Geoduck BOX #4
94,,F5,Sam Gurr 2019 Thresholds Geoduck BOX #4
95,,C9,Sam Gurr 2019 Thresholds Geoduck BOX #4
107,,F3,Sam Gurr 2019 Thresholds Geoduck BOX #4
162,,E2,Sam Gurr 2019 Thresholds Geoduck BOX #4
164,,H7,Sam Gurr 2019 Thresholds Geoduck BOX #4
169,,C4,Sam Gurr 2019 Thresholds Geoduck BOX #4
178,,G3,Sam Gurr 2019 Thresholds Geoduck BOX #4
204,,E5,Sam Gurr 2019 Thresholds Geoduck BOX #4
222,,G7,Sam Gurr 2019 Thresholds Geoduck BOX #4
240,,H5,Sam Gurr 2019 Thresholds Geoduck BOX #4
242,,G1,Sam Gurr 2019 Thresholds Geoduck BOX #4
245,,I9,Sam Gurr 2019 Thresholds Geoduck BOX #4
254,,G2,Sam Gurr 2019 Thresholds Geoduck BOX #4
283,,E3,Sam Gurr 2019 Thresholds Geoduck BOX #4
289,,A6,Sam Gurr 2019 Thresholds Geoduck BOX #4
292,,I2,Sam Gurr 2019 Thresholds Geoduck BOX #4
301,,C3,Sam Gurr 2019 Thresholds Geoduck BOX #4
303,,H2,Sam Gurr 2019 Thresholds Geoduck BOX #4
323,,F4,Sam Gurr 2019 Thresholds Geoduck BOX #4
327,,D2,Sam Gurr 2019 Thresholds Geoduck BOX #4
332,,C7,Sam Gurr 2019 Thresholds Geoduck BOX #4
333,,C5,Sam Gurr 2019 Thresholds Geoduck BOX #4
353,,A5,Sam Gurr 2019 Thresholds Geoduck BOX #4
363,,D6,Sam Gurr 2019 Thresholds Geoduck BOX #4
371,,I1,Sam Gurr 2019 Thresholds Geoduck BOX #4
380,,E7,Sam Gurr 2019 Thresholds Geoduck BOX #4
384,,E8,Sam Gurr 2019 Thresholds Geoduck BOX #4
391,,A3,Sam Gurr 2019 Thresholds Geoduck BOX #4
395,,I8,Sam Gurr 2019 Thresholds Geoduck BOX #4
407,,E9,Sam Gurr 2019 Thresholds Geoduck BOX #4
422,,D8,Sam Gurr 2019 Thresholds Geoduck BOX #4
460,,G4,Sam Gurr 2019 Thresholds Geoduck BOX #4
465,,E4,Sam Gurr 2019 Thresholds Geoduck BOX #4
484,,I7,Sam Gurr 2019 Thresholds Geoduck BOX #4
485,,G5,Sam Gurr 2019 Thresholds Geoduck BOX #4
489,,B9,Sam Gurr 2019 Thresholds Geoduck BOX #4
490,,H1,Sam Gurr 2019 Thresholds Geoduck BOX #4
492,,H8,Sam Gurr 2019 Thresholds Geoduck BOX #4
493,,I4,Sam Gurr 2019 Thresholds Geoduck BOX #4
514,,B3,Sam Gurr 2019 Thresholds Geoduck BOX #4
518,,I3,Sam Gurr 2019 Thresholds Geoduck BOX #4
520,,I5,Sam Gurr 2019 Thresholds Geoduck BOX #4
568,,D3,Sam Gurr 2019 Thresholds Geoduck BOX #4
572,,H9,Sam Gurr 2019 Thresholds Geoduck BOX #4
579,,F2,Sam Gurr 2019 Thresholds Geoduck BOX #4
586,,H3,Sam Gurr 2019 Thresholds Geoduck BOX #4
597,,A4,Sam Gurr 2019 Thresholds Geoduck BOX #4
612,,F9,Sam Gurr 2019 Thresholds Geoduck BOX #4
613,,A8,Sam Gurr 2019 Thresholds Geoduck BOX #4
615,,A9,Sam Gurr 2019 Thresholds Geoduck BOX #4
624,,D9,Sam Gurr 2019 Thresholds Geoduck BOX #4
625,,C1,Sam Gurr 2019 Thresholds Geoduck BOX #4
629,,G9,Sam Gurr 2019 Thresholds Geoduck BOX #4
635,,F6,Sam Gurr 2019 Thresholds Geoduck BOX #4
640,,B7,Sam Gurr 2019 Thresholds Geoduck BOX #4
652,,D4,Sam Gurr 2019 Thresholds Geoduck BOX #4
656,,C6,Sam Gurr 2019 Thresholds Geoduck BOX #4
657,,G8,Sam Gurr 2019 Thresholds Geoduck BOX #4
662,,C2,Sam Gurr 2019 Thresholds Geoduck BOX #4
664,,A2,Sam Gurr 2019 Thresholds Geoduck BOX #4
678,,F1,Sam Gurr 2019 Thresholds Geoduck BOX #4
687,,H6,Sam Gurr 2019 Thresholds Geoduck BOX #4
692,,E6,Sam Gurr 2019 Thresholds Geoduck BOX #4
696,,I6,Sam Gurr 2019 Thresholds Geoduck BOX #4
700,,B5,Sam Gurr 2019 Thresholds Geoduck BOX #4
701,,B2,Sam Gurr 2019 Thresholds Geoduck BOX #4
702,,D1,Sam Gurr 2019 Thresholds Geoduck BOX #4
708,,B1,Sam Gurr 2019 Thresholds Geoduck BOX #4
714,,B6,Sam Gurr 2019 Thresholds Geoduck BOX #4
715,,F8,Sam Gurr 2019 Thresholds Geoduck BOX #4
716,,A1,Sam Gurr 2019 Thresholds Geoduck BOX #4
480,,D5,Sam Gurr 2019 Thresholds Geoduck BOX #4
491,,B4,Sam Gurr 2019 Thresholds Geoduck BOX #4
5,,F8,Sam Gurr 2019 Thresholds Geoduck BOX #5
11,,G1,Sam Gurr 2019 Thresholds Geoduck BOX #5
14,,A1,Sam Gurr 2019 Thresholds Geoduck BOX #5
25,,B2,Sam Gurr 2019 Thresholds Geoduck BOX #5
39,,E8,Sam Gurr 2019 Thresholds Geoduck BOX #5
56,,C3,Sam Gurr 2019 Thresholds Geoduck BOX #5
62,,B8,Sam Gurr 2019 Thresholds Geoduck BOX #5
63,,C1,Sam Gurr 2019 Thresholds Geoduck BOX #5
74,,F2,Sam Gurr 2019 Thresholds Geoduck BOX #5
75,,E6,Sam Gurr 2019 Thresholds Geoduck BOX #5
77,,D6,Sam Gurr 2019 Thresholds Geoduck BOX #5
89,,D9,Sam Gurr 2019 Thresholds Geoduck BOX #5
98,,H4,Sam Gurr 2019 Thresholds Geoduck BOX #5
102,,I3,Sam Gurr 2019 Thresholds Geoduck BOX #5
106,,I8,Sam Gurr 2019 Thresholds Geoduck BOX #5
112,,G5,Sam Gurr 2019 Thresholds Geoduck BOX #5
117,,D3,Sam Gurr 2019 Thresholds Geoduck BOX #5
128,,I9,Sam Gurr 2019 Thresholds Geoduck BOX #5
132,,I7,Sam Gurr 2019 Thresholds Geoduck BOX #5
136,,H5,Sam Gurr 2019 Thresholds Geoduck BOX #5
141,,H6,Sam Gurr 2019 Thresholds Geoduck BOX #5
143,,A8,Sam Gurr 2019 Thresholds Geoduck BOX #5
152,,H8,Sam Gurr 2019 Thresholds Geoduck BOX #5
156,,D4,Sam Gurr 2019 Thresholds Geoduck BOX #5
161,,E9,Sam Gurr 2019 Thresholds Geoduck BOX #5
165,,A5,Sam Gurr 2019 Thresholds Geoduck BOX #5
166,,G7,Sam Gurr 2019 Thresholds Geoduck BOX #5
167,,B7,Sam Gurr 2019 Thresholds Geoduck BOX #5
174,,I2,Sam Gurr 2019 Thresholds Geoduck BOX #5
182,,C8,Sam Gurr 2019 Thresholds Geoduck BOX #5
205,,H7,Sam Gurr 2019 Thresholds Geoduck BOX #5
211,,I6,Sam Gurr 2019 Thresholds Geoduck BOX #5
227,,C9,Sam Gurr 2019 Thresholds Geoduck BOX #5
229,,E2,Sam Gurr 2019 Thresholds Geoduck BOX #5
237,,H1,Sam Gurr 2019 Thresholds Geoduck BOX #5
239,,C6,Sam Gurr 2019 Thresholds Geoduck BOX #5
246,,D1,Sam Gurr 2019 Thresholds Geoduck BOX #5
256,,E1,Sam Gurr 2019 Thresholds Geoduck BOX #5
261,,C5,Sam Gurr 2019 Thresholds Geoduck BOX #5
270,,I5,Sam Gurr 2019 Thresholds Geoduck BOX #5
273,,B4,Sam Gurr 2019 Thresholds Geoduck BOX #5
278,,B3,Sam Gurr 2019 Thresholds Geoduck BOX #5
291,,F1,Sam Gurr 2019 Thresholds Geoduck BOX #5
294,,F7,Sam Gurr 2019 Thresholds Geoduck BOX #5
306,,F3,Sam Gurr 2019 Thresholds Geoduck BOX #5
310,,F6,Sam Gurr 2019 Thresholds Geoduck BOX #5
313,,B1,Sam Gurr 2019 Thresholds Geoduck BOX #5
321,,A6,Sam Gurr 2019 Thresholds Geoduck BOX #5
326,,E4,Sam Gurr 2019 Thresholds Geoduck BOX #5
335,,F5,Sam Gurr 2019 Thresholds Geoduck BOX #5
342,,H3,Sam Gurr 2019 Thresholds Geoduck BOX #5
350,,A4,Sam Gurr 2019 Thresholds Geoduck BOX #5
366,,H2,Sam Gurr 2019 Thresholds Geoduck BOX #5
375,,B6,Sam Gurr 2019 Thresholds Geoduck BOX #5
389,,E5,Sam Gurr 2019 Thresholds Geoduck BOX #5
390,,A2,Sam Gurr 2019 Thresholds Geoduck BOX #5
409,,E3,Sam Gurr 2019 Thresholds Geoduck BOX #5
412,,B5,Sam Gurr 2019 Thresholds Geoduck BOX #5
413,,G4,Sam Gurr 2019 Thresholds Geoduck BOX #5
436,,C2,Sam Gurr 2019 Thresholds Geoduck BOX #5
443,,A7,Sam Gurr 2019 Thresholds Geoduck BOX #5
447,,D5,Sam Gurr 2019 Thresholds Geoduck BOX #5
457,,B9,Sam Gurr 2019 Thresholds Geoduck BOX #5
482,,C4,Sam Gurr 2019 Thresholds Geoduck BOX #5
497,,G2,Sam Gurr 2019 Thresholds Geoduck BOX #5
502,,D8,Sam Gurr 2019 Thresholds Geoduck BOX #5
521,,D2,Sam Gurr 2019 Thresholds Geoduck BOX #5
528,,D7,Sam Gurr 2019 Thresholds Geoduck BOX #5
529,,G8,Sam Gurr 2019 Thresholds Geoduck BOX #5
537,,A3,Sam Gurr 2019 Thresholds Geoduck BOX #5
554,,I4,Sam Gurr 2019 Thresholds Geoduck BOX #5
574,,F9,Sam Gurr 2019 Thresholds Geoduck BOX #5
587,,C7,Sam Gurr 2019 Thresholds Geoduck BOX #5
588,,F4,Sam Gurr 2019 Thresholds Geoduck BOX #5
589,,G3,Sam Gurr 2019 Thresholds Geoduck BOX #5
590,,I1,Sam Gurr 2019 Thresholds Geoduck BOX #5
592,,G9,Sam Gurr 2019 Thresholds Geoduck BOX #5
630,,A9,Sam Gurr 2019 Thresholds Geoduck BOX #5
642,,G6,Sam Gurr 2019 Thresholds Geoduck BOX #5
649,,H9,Sam Gurr 2019 Thresholds Geoduck BOX #5
598,,E7,Sam Gurr 2019 Thresholds Geoduck BOX #5
721,,E2,Sam Gurr 2019 Thresholds Geoduck BOX #6
723,,A8,Sam Gurr 2019 Thresholds Geoduck BOX #6
743,,H1,Sam Gurr 2019 Thresholds Geoduck BOX #6
749,,G8,Sam Gurr 2019 Thresholds Geoduck BOX #6
799,,D6,Sam Gurr 2019 Thresholds Geoduck BOX #6
823,,E6,Sam Gurr 2019 Thresholds Geoduck BOX #6
845,,A4,Sam Gurr 2019 Thresholds Geoduck BOX #6
856,,C4,Sam Gurr 2019 Thresholds Geoduck BOX #6
883,,E1,Sam Gurr 2019 Thresholds Geoduck BOX #6
885,,A6,Sam Gurr 2019 Thresholds Geoduck BOX #6
923,,B7,Sam Gurr 2019 Thresholds Geoduck BOX #6
932,,G5,Sam Gurr 2019 Thresholds Geoduck BOX #6
934,,G9,Sam Gurr 2019 Thresholds Geoduck BOX #6
940,,D3,Sam Gurr 2019 Thresholds Geoduck BOX #6
944,,C6,Sam Gurr 2019 Thresholds Geoduck BOX #6
945,,D1,Sam Gurr 2019 Thresholds Geoduck BOX #6
973,,F7,Sam Gurr 2019 Thresholds Geoduck BOX #6
977,,B9,Sam Gurr 2019 Thresholds Geoduck BOX #6
990,,F4,Sam Gurr 2019 Thresholds Geoduck BOX #6
1004,,B2,Sam Gurr 2019 Thresholds Geoduck BOX #6
1005,,A1,Sam Gurr 2019 Thresholds Geoduck BOX #6
1017,,G4,Sam Gurr 2019 Thresholds Geoduck BOX #6
1045,,A2,Sam Gurr 2019 Thresholds Geoduck BOX #6
1046,,C7,Sam Gurr 2019 Thresholds Geoduck BOX #6
1054,,F1,Sam Gurr 2019 Thresholds Geoduck BOX #6
1064,,I1,Sam Gurr 2019 Thresholds Geoduck BOX #6
1112,,F2,Sam Gurr 2019 Thresholds Geoduck BOX #6
1003,,I3,Sam Gurr 2019 Thresholds Geoduck BOX #6
1114,,I9,Sam Gurr 2019 Thresholds Geoduck BOX #6
1118,,A5,Sam Gurr 2019 Thresholds Geoduck BOX #6
1116,,F3,Sam Gurr 2019 Thresholds Geoduck BOX #6
1120,,B6,Sam Gurr 2019 Thresholds Geoduck BOX #6
1129,,E5,Sam Gurr 2019 Thresholds Geoduck BOX #6
1131,,G3,Sam Gurr 2019 Thresholds Geoduck BOX #6
1155,,B8,Sam Gurr 2019 Thresholds Geoduck BOX #6
958,,G1,Sam Gurr 2019 Thresholds Geoduck BOX #6
1162,,H4,Sam Gurr 2019 Thresholds Geoduck BOX #6
1168,,C5,Sam Gurr 2019 Thresholds Geoduck BOX #6
1169,,I4,Sam Gurr 2019 Thresholds Geoduck BOX #6
1177,,D8,Sam Gurr 2019 Thresholds Geoduck BOX #6
1195,,B4,Sam Gurr 2019 Thresholds Geoduck BOX #6
1197,,G6,Sam Gurr 2019 Thresholds Geoduck BOX #6
1203,,H6,Sam Gurr 2019 Thresholds Geoduck BOX #6
1201,,C1,Sam Gurr 2019 Thresholds Geoduck BOX #6
1219,,G7,Sam Gurr 2019 Thresholds Geoduck BOX #6
1230,,E7,Sam Gurr 2019 Thresholds Geoduck BOX #6
1271,,H3,Sam Gurr 2019 Thresholds Geoduck BOX #6
1274,,F8,Sam Gurr 2019 Thresholds Geoduck BOX #6
1292,,E4,Sam Gurr 2019 Thresholds Geoduck BOX #6
1302,,A7,Sam Gurr 2019 Thresholds Geoduck BOX #6
1303,,B5,Sam Gurr 2019 Thresholds Geoduck BOX #6
1308,,H2,Sam Gurr 2019 Thresholds Geoduck BOX #6
1316,,D5,Sam Gurr 2019 Thresholds Geoduck BOX #6
1319,,C2,Sam Gurr 2019 Thresholds Geoduck BOX #6
1321,,C3,Sam Gurr 2019 Thresholds Geoduck BOX #6
1341,,G2,Sam Gurr 2019 Thresholds Geoduck BOX #6
1347,,I7,Sam Gurr 2019 Thresholds Geoduck BOX #6
1351,,H8,Sam Gurr 2019 Thresholds Geoduck BOX #6
1383,,D9,Sam Gurr 2019 Thresholds Geoduck BOX #6
1391,,E9,Sam Gurr 2019 Thresholds Geoduck BOX #6
1428,,D7,Sam Gurr 2019 Thresholds Geoduck BOX #6
1429,,B3,Sam Gurr 2019 Thresholds Geoduck BOX #6
1434,,D4,Sam Gurr 2019 Thresholds Geoduck BOX #6
1438,,I8,Sam Gurr 2019 Thresholds Geoduck BOX #6
1448,,F6,Sam Gurr 2019 Thresholds Geoduck BOX #6
1471,,H7,Sam Gurr 2019 Thresholds Geoduck BOX #6
1437,,E8,Sam Gurr 2019 Thresholds Geoduck BOX #6
1480,,I2,Sam Gurr 2019 Thresholds Geoduck BOX #6
1482,,B1,Sam Gurr 2019 Thresholds Geoduck BOX #6
1487,,F9,Sam Gurr 2019 Thresholds Geoduck BOX #6
1532,,E3,Sam Gurr 2019 Thresholds Geoduck BOX #6
1545,,D2,Sam Gurr 2019 Thresholds Geoduck BOX #6
1562,,I6,Sam Gurr 2019 Thresholds Geoduck BOX #6
1568,,H5,Sam Gurr 2019 Thresholds Geoduck BOX #6
1585,,A3,Sam Gurr 2019 Thresholds Geoduck BOX #6
1599,,C8,Sam Gurr 2019 Thresholds Geoduck BOX #6
1623,,F5,Sam Gurr 2019 Thresholds Geoduck BOX #6
1621,,H9,Sam Gurr 2019 Thresholds Geoduck BOX #6
1634,,A9,Sam Gurr 2019 Thresholds Geoduck BOX #6
1431,,I5,Sam Gurr 2019 Thresholds Geoduck BOX #6
1145,,C7,Sam Gurr 2019 Thresholds Geoduck BOX #7
1196,,I3,Sam Gurr 2019 Thresholds Geoduck BOX #7
731,,B4,Sam Gurr 2019 Thresholds Geoduck BOX #7
789,,I1,Sam Gurr 2019 Thresholds Geoduck BOX #7
817,,I6,Sam Gurr 2019 Thresholds Geoduck BOX #7
835,,G4,Sam Gurr 2019 Thresholds Geoduck BOX #7
837,,H1,Sam Gurr 2019 Thresholds Geoduck BOX #7
839,,A8,Sam Gurr 2019 Thresholds Geoduck BOX #7
843,,E5,Sam Gurr 2019 Thresholds Geoduck BOX #7
857,,E4,Sam Gurr 2019 Thresholds Geoduck BOX #7
887,,D3,Sam Gurr 2019 Thresholds Geoduck BOX #7
891,,E3,Sam Gurr 2019 Thresholds Geoduck BOX #7
894,,E8,Sam Gurr 2019 Thresholds Geoduck BOX #7
895,,G7,Sam Gurr 2019 Thresholds Geoduck BOX #7
898,,F4,Sam Gurr 2019 Thresholds Geoduck BOX #7
914,,G6,Sam Gurr 2019 Thresholds Geoduck BOX #7
915,,G1,Sam Gurr 2019 Thresholds Geoduck BOX #7
931,,A4,Sam Gurr 2019 Thresholds Geoduck BOX #7
935,,I2,Sam Gurr 2019 Thresholds Geoduck BOX #7
753,,F9,Sam Gurr 2019 Thresholds Geoduck BOX #7
971,,C9,Sam Gurr 2019 Thresholds Geoduck BOX #7
976,,G5,Sam Gurr 2019 Thresholds Geoduck BOX #7
978,,C3,Sam Gurr 2019 Thresholds Geoduck BOX #7
993,,I8,Sam Gurr 2019 Thresholds Geoduck BOX #7
998,,A9,Sam Gurr 2019 Thresholds Geoduck BOX #7
1018,,B3,Sam Gurr 2019 Thresholds Geoduck BOX #7
1021,,C6,Sam Gurr 2019 Thresholds Geoduck BOX #7
1028,,I9,Sam Gurr 2019 Thresholds Geoduck BOX #7
1040,,F8,Sam Gurr 2019 Thresholds Geoduck BOX #7
1052,,D5,Sam Gurr 2019 Thresholds Geoduck BOX #7
1053,,H3,Sam Gurr 2019 Thresholds Geoduck BOX #7
1057,,B5,Sam Gurr 2019 Thresholds Geoduck BOX #7
1065,,C2,Sam Gurr 2019 Thresholds Geoduck BOX #7
1068,,D7,Sam Gurr 2019 Thresholds Geoduck BOX #7
1073,,B7,Sam Gurr 2019 Thresholds Geoduck BOX #7
1076,,I5,Sam Gurr 2019 Thresholds Geoduck BOX #7
1027,,H6,Sam Gurr 2019 Thresholds Geoduck BOX #7
1079,,C1,Sam Gurr 2019 Thresholds Geoduck BOX #7
1089,,E6,Sam Gurr 2019 Thresholds Geoduck BOX #7
1092,,D1,Sam Gurr 2019 Thresholds Geoduck BOX #7
1135,,E2,Sam Gurr 2019 Thresholds Geoduck BOX #7
1142,,G3,Sam Gurr 2019 Thresholds Geoduck BOX #7
1153,,E1,Sam Gurr 2019 Thresholds Geoduck BOX #7
1164,,H2,Sam Gurr 2019 Thresholds Geoduck BOX #7
1185,,B8,Sam Gurr 2019 Thresholds Geoduck BOX #7
1193,,D8,Sam Gurr 2019 Thresholds Geoduck BOX #7
1199,,G2,Sam Gurr 2019 Thresholds Geoduck BOX #7
1222,,F7,Sam Gurr 2019 Thresholds Geoduck BOX #7
1234,,A7,Sam Gurr 2019 Thresholds Geoduck BOX #7
1241,,D2,Sam Gurr 2019 Thresholds Geoduck BOX #7
1258,,F2,Sam Gurr 2019 Thresholds Geoduck BOX #7
1265,,D4,Sam Gurr 2019 Thresholds Geoduck BOX #7
1269,,D9,Sam Gurr 2019 Thresholds Geoduck BOX #7
1272,,F3,Sam Gurr 2019 Thresholds Geoduck BOX #7
1277,,C4,Sam Gurr 2019 Thresholds Geoduck BOX #7
1282,,F6,Sam Gurr 2019 Thresholds Geoduck BOX #7
1296,,H4,Sam Gurr 2019 Thresholds Geoduck BOX #7
1306,,B1,Sam Gurr 2019 Thresholds Geoduck BOX #7
1317,,F5,Sam Gurr 2019 Thresholds Geoduck BOX #7
1331,,A2,Sam Gurr 2019 Thresholds Geoduck BOX #7
1342,,E7,Sam Gurr 2019 Thresholds Geoduck BOX #7
1365,,I4,Sam Gurr 2019 Thresholds Geoduck BOX #7
1384,,G9,Sam Gurr 2019 Thresholds Geoduck BOX #7
1397,,A5,Sam Gurr 2019 Thresholds Geoduck BOX #7
1413,,E9,Sam Gurr 2019 Thresholds Geoduck BOX #7
1425,,G8,Sam Gurr 2019 Thresholds Geoduck BOX #7
1440,,A6,Sam Gurr 2019 Thresholds Geoduck BOX #7
1444,,B6,Sam Gurr 2019 Thresholds Geoduck BOX #7
1492,,H8,Sam Gurr 2019 Thresholds Geoduck BOX #7
1494,,H7,Sam Gurr 2019 Thresholds Geoduck BOX #7
1499,,A1,Sam Gurr 2019 Thresholds Geoduck BOX #7
1517,,B2,Sam Gurr 2019 Thresholds Geoduck BOX #7
1539,,B9,Sam Gurr 2019 Thresholds Geoduck BOX #7
1546,,D6,Sam Gurr 2019 Thresholds Geoduck BOX #7
1561,,I7,Sam Gurr 2019 Thresholds Geoduck BOX #7
1558,,C5,Sam Gurr 2019 Thresholds Geoduck BOX #7
1559,,H9,Sam Gurr 2019 Thresholds Geoduck BOX #7
1619,,C8,Sam Gurr 2019 Thresholds Geoduck BOX #7
1631,,F1,Sam Gurr 2019 Thresholds Geoduck BOX #7
1644,,A3,Sam Gurr 2019 Thresholds Geoduck BOX #7
811,,F7,Sam Gurr 2019 Thresholds Geoduck BOX #8
908,,G5,Sam Gurr 2019 Thresholds Geoduck BOX #8
1629,,H2,Sam Gurr 2019 Thresholds Geoduck BOX #8
724,,D3,Sam Gurr 2019 Thresholds Geoduck BOX #8
740,,I5,Sam Gurr 2019 Thresholds Geoduck BOX #8
788,,G4,Sam Gurr 2019 Thresholds Geoduck BOX #8
820,,C1,Sam Gurr 2019 Thresholds Geoduck BOX #8
846,,E7,Sam Gurr 2019 Thresholds Geoduck BOX #8
847,,D9,Sam Gurr 2019 Thresholds Geoduck BOX #8
851,,D7,Sam Gurr 2019 Thresholds Geoduck BOX #8
858,,B8,Sam Gurr 2019 Thresholds Geoduck BOX #8
860,,G8,Sam Gurr 2019 Thresholds Geoduck BOX #8
899,,A6,Sam Gurr 2019 Thresholds Geoduck BOX #8
901,,C8,Sam Gurr 2019 Thresholds Geoduck BOX #8
924,,A9,Sam Gurr 2019 Thresholds Geoduck BOX #8
948,,F4,Sam Gurr 2019 Thresholds Geoduck BOX #8
959,,B6,Sam Gurr 2019 Thresholds Geoduck BOX #8
967,,F6,Sam Gurr 2019 Thresholds Geoduck BOX #8
974,,I1,Sam Gurr 2019 Thresholds Geoduck BOX #8
979,,F3,Sam Gurr 2019 Thresholds Geoduck BOX #8
905,,G7,Sam Gurr 2019 Thresholds Geoduck BOX #8
1023,,G1,Sam Gurr 2019 Thresholds Geoduck BOX #8
1042,,E8,Sam Gurr 2019 Thresholds Geoduck BOX #8
1048,,G3,Sam Gurr 2019 Thresholds Geoduck BOX #8
1055,,A4,Sam Gurr 2019 Thresholds Geoduck BOX #8
1081,,A1,Sam Gurr 2019 Thresholds Geoduck BOX #8
1083,,G9,Sam Gurr 2019 Thresholds Geoduck BOX #8
1075,,C4,Sam Gurr 2019 Thresholds Geoduck BOX #8
1098,,H8,Sam Gurr 2019 Thresholds Geoduck BOX #8
1106,,B9,Sam Gurr 2019 Thresholds Geoduck BOX #8
1133,,I4,Sam Gurr 2019 Thresholds Geoduck BOX #8
1147,,G6,Sam Gurr 2019 Thresholds Geoduck BOX #8
1150,,E1,Sam Gurr 2019 Thresholds Geoduck BOX #8
1151,,B7,Sam Gurr 2019 Thresholds Geoduck BOX #8
1165,,E2,Sam Gurr 2019 Thresholds Geoduck BOX #8
1166,,E3,Sam Gurr 2019 Thresholds Geoduck BOX #8
1167,,E4,Sam Gurr 2019 Thresholds Geoduck BOX #8
1240,,C7,Sam Gurr 2019 Thresholds Geoduck BOX #8
1244,,F2,Sam Gurr 2019 Thresholds Geoduck BOX #8
1263,,G2,Sam Gurr 2019 Thresholds Geoduck BOX #8
1266,,D8,Sam Gurr 2019 Thresholds Geoduck BOX #8
1289,,D6,Sam Gurr 2019 Thresholds Geoduck BOX #8
1295,,F1,Sam Gurr 2019 Thresholds Geoduck BOX #8
1299,,B3,Sam Gurr 2019 Thresholds Geoduck BOX #8
1310,,E6,Sam Gurr 2019 Thresholds Geoduck BOX #8
1339,,A7,Sam Gurr 2019 Thresholds Geoduck BOX #8
1360,,E5,Sam Gurr 2019 Thresholds Geoduck BOX #8
1382,,A2,Sam Gurr 2019 Thresholds Geoduck BOX #8
1399,,F5,Sam Gurr 2019 Thresholds Geoduck BOX #8
1404,,I7,Sam Gurr 2019 Thresholds Geoduck BOX #8
1419,,H5,Sam Gurr 2019 Thresholds Geoduck BOX #8
1421,,B5,Sam Gurr 2019 Thresholds Geoduck BOX #8
1432,,E9,Sam Gurr 2019 Thresholds Geoduck BOX #8
1439,,C5,Sam Gurr 2019 Thresholds Geoduck BOX #8
1441,,I9,Sam Gurr 2019 Thresholds Geoduck BOX #8
1456,,F9,Sam Gurr 2019 Thresholds Geoduck BOX #8
1470,,B4,Sam Gurr 2019 Thresholds Geoduck BOX #8
1473,,I2,Sam Gurr 2019 Thresholds Geoduck BOX #8
1477,,H7,Sam Gurr 2019 Thresholds Geoduck BOX #8
1479,,B2,Sam Gurr 2019 Thresholds Geoduck BOX #8
1483,,A3,Sam Gurr 2019 Thresholds Geoduck BOX #8
1484,,D4,Sam Gurr 2019 Thresholds Geoduck BOX #8
1505,,H1,Sam Gurr 2019 Thresholds Geoduck BOX #8
1513,,I6,Sam Gurr 2019 Thresholds Geoduck BOX #8
1542,,C6,Sam Gurr 2019 Thresholds Geoduck BOX #8
1543,,C3,Sam Gurr 2019 Thresholds Geoduck BOX #8
1550,,I3,Sam Gurr 2019 Thresholds Geoduck BOX #8
1563,,A8,Sam Gurr 2019 Thresholds Geoduck BOX #8
1566,,A5,Sam Gurr 2019 Thresholds Geoduck BOX #8
1571,,H6,Sam Gurr 2019 Thresholds Geoduck BOX #8
1579,,D5,Sam Gurr 2019 Thresholds Geoduck BOX #8
1582,,H9,Sam Gurr 2019 Thresholds Geoduck BOX #8
1583,,D1,Sam Gurr 2019 Thresholds Geoduck BOX #8
1592,,D2,Sam Gurr 2019 Thresholds Geoduck BOX #8
1594,,C9,Sam Gurr 2019 Thresholds Geoduck BOX #8
1595,,I8,Sam Gurr 2019 Thresholds Geoduck BOX #8
1602,,H4,Sam Gurr 2019 Thresholds Geoduck BOX #8
1624,,F8,Sam Gurr 2019 Thresholds Geoduck BOX #8
1627,,C2,Sam Gurr 2019 Thresholds Geoduck BOX #8
1637,,H3,Sam Gurr 2019 Thresholds Geoduck BOX #8
1649,,B1,Sam Gurr 2019 Thresholds Geoduck BOX #8
1522,,I9,Sam Gurr 2019 Thresholds Geoduck BOX #9
727,,H1,Sam Gurr 2019 Thresholds Geoduck BOX #9
745,,B2,Sam Gurr 2019 Thresholds Geoduck BOX #9
755,,I5,Sam Gurr 2019 Thresholds Geoduck BOX #9
748,,C9,Sam Gurr 2019 Thresholds Geoduck BOX #9
742,,C7,Sam Gurr 2019 Thresholds Geoduck BOX #9
794,,H4,Sam Gurr 2019 Thresholds Geoduck BOX #9
808,,G1,Sam Gurr 2019 Thresholds Geoduck BOX #9
821,,D6,Sam Gurr 2019 Thresholds Geoduck BOX #9
828,,G3,Sam Gurr 2019 Thresholds Geoduck BOX #9
855,,C6,Sam Gurr 2019 Thresholds Geoduck BOX #9
865,,G4,Sam Gurr 2019 Thresholds Geoduck BOX #9
874,,A8,Sam Gurr 2019 Thresholds Geoduck BOX #9
884,,G8,Sam Gurr 2019 Thresholds Geoduck BOX #9
921,,D3,Sam Gurr 2019 Thresholds Geoduck BOX #9
927,,G5,Sam Gurr 2019 Thresholds Geoduck BOX #9
939,,H6,Sam Gurr 2019 Thresholds Geoduck BOX #9
952,,B9,Sam Gurr 2019 Thresholds Geoduck BOX #9
963,,G6,Sam Gurr 2019 Thresholds Geoduck BOX #9
996,,F5,Sam Gurr 2019 Thresholds Geoduck BOX #9
1020,,F3,Sam Gurr 2019 Thresholds Geoduck BOX #9
1029,,H7,Sam Gurr 2019 Thresholds Geoduck BOX #9
1051,,A6,Sam Gurr 2019 Thresholds Geoduck BOX #9
1070,,B5,Sam Gurr 2019 Thresholds Geoduck BOX #9
1093,,E1,Sam Gurr 2019 Thresholds Geoduck BOX #9
1103,,D9,Sam Gurr 2019 Thresholds Geoduck BOX #9
1109,,B7,Sam Gurr 2019 Thresholds Geoduck BOX #9
1122,,B8,Sam Gurr 2019 Thresholds Geoduck BOX #9
1132,,D8,Sam Gurr 2019 Thresholds Geoduck BOX #9
1140,,I6,Sam Gurr 2019 Thresholds Geoduck BOX #9
1141,,G2,Sam Gurr 2019 Thresholds Geoduck BOX #9
1143,,B6,Sam Gurr 2019 Thresholds Geoduck BOX #9
1174,,G9,Sam Gurr 2019 Thresholds Geoduck BOX #9
1180,,E6,Sam Gurr 2019 Thresholds Geoduck BOX #9
1187,,I1,Sam Gurr 2019 Thresholds Geoduck BOX #9
1194,,C3,Sam Gurr 2019 Thresholds Geoduck BOX #9
1189,,A9,Sam Gurr 2019 Thresholds Geoduck BOX #9
1228,,C4,Sam Gurr 2019 Thresholds Geoduck BOX #9
1232,,E4,Sam Gurr 2019 Thresholds Geoduck BOX #9
1273,,C2,Sam Gurr 2019 Thresholds Geoduck BOX #9
1275,,E9,Sam Gurr 2019 Thresholds Geoduck BOX #9
1278,,E7,Sam Gurr 2019 Thresholds Geoduck BOX #9
1294,,E2,Sam Gurr 2019 Thresholds Geoduck BOX #9
1301,,C8,Sam Gurr 2019 Thresholds Geoduck BOX #9
1327,,D4,Sam Gurr 2019 Thresholds Geoduck BOX #9
1363,,F6,Sam Gurr 2019 Thresholds Geoduck BOX #9
1378,,E3,Sam Gurr 2019 Thresholds Geoduck BOX #9
1376,,H5,Sam Gurr 2019 Thresholds Geoduck BOX #9
1388,,B4,Sam Gurr 2019 Thresholds Geoduck BOX #9
1393,,D1,Sam Gurr 2019 Thresholds Geoduck BOX #9
1398,,H2,Sam Gurr 2019 Thresholds Geoduck BOX #9
1465,,F4,Sam Gurr 2019 Thresholds Geoduck BOX #9
1407,,I4,Sam Gurr 2019 Thresholds Geoduck BOX #9
1414,,F1,Sam Gurr 2019 Thresholds Geoduck BOX #9
1416,,I2,Sam Gurr 2019 Thresholds Geoduck BOX #9
1417,,A2,Sam Gurr 2019 Thresholds Geoduck BOX #9
1422,,A4,Sam Gurr 2019 Thresholds Geoduck BOX #9
1443,,C1,Sam Gurr 2019 Thresholds Geoduck BOX #9
1474,,H3,Sam Gurr 2019 Thresholds Geoduck BOX #9
1475,,A5,Sam Gurr 2019 Thresholds Geoduck BOX #9
1478,,H9,Sam Gurr 2019 Thresholds Geoduck BOX #9
1485,,A7,Sam Gurr 2019 Thresholds Geoduck BOX #9
1486,,E5,Sam Gurr 2019 Thresholds Geoduck BOX #9
1489,,C5,Sam Gurr 2019 Thresholds Geoduck BOX #9
1496,,E8,Sam Gurr 2019 Thresholds Geoduck BOX #9
1501,,F7,Sam Gurr 2019 Thresholds Geoduck BOX #9
1510,,D5,Sam Gurr 2019 Thresholds Geoduck BOX #9
1519,,A3,Sam Gurr 2019 Thresholds Geoduck BOX #9
1541,,H8,Sam Gurr 2019 Thresholds Geoduck BOX #9
1544,,I3,Sam Gurr 2019 Thresholds Geoduck BOX #9
1567,,G7,Sam Gurr 2019 Thresholds Geoduck BOX #9
1573,,B3,Sam Gurr 2019 Thresholds Geoduck BOX #9
1581,,I7,Sam Gurr 2019 Thresholds Geoduck BOX #9
1526,,F9,Sam Gurr 2019 Thresholds Geoduck BOX #9
1608,,I8,Sam Gurr 2019 Thresholds Geoduck BOX #9
1612,,F8,Sam Gurr 2019 Thresholds Geoduck BOX #9
1620,,A1,Sam Gurr 2019 Thresholds Geoduck BOX #9
1625,,D7,Sam Gurr 2019 Thresholds Geoduck BOX #9
1642,,B1,Sam Gurr 2019 Thresholds Geoduck BOX #9
1646,,F2,Sam Gurr 2019 Thresholds Geoduck BOX #9
1652,,D2,Sam Gurr 2019 Thresholds Geoduck BOX #9
