Date,Tank.ID,Sw.Condition,Type,Length,RUN,SDR_position,SDR.vial.volume.ml,Notes
20190628,H1_T2,Amb.7.8,sample,3.876,NA,NA,4,
20190628,H1_T2,Amb.7.8,sample,3.089,NA,NA,4,
20190628,H1_T2,Amb.7.8,sample,3.52,NA,NA,4,
20190628,H1_T2,Amb.7.8,sample,5.472,NA,NA,4,
20190628,H1_T2,Amb.7.8,sample,4.671,NA,NA,4,
20190628,H1_T2,Amb.7.8,sample,5.083,NA,NA,4,
20190628,H1_T2,Amb.7.8,sample,5.913,NA,NA,4,
20190628,H1_T2,Amb.7.8,sample,4.787,NA,NA,4,
20190628,H1_T2,Amb.7.8,sample,4.92,NA,NA,4,
20190628,H1_T2,Amb.7.8,sample,2.329,NA,NA,4,
20190628,H1_T2,Amb.7.8,sample,4.851,NA,NA,4,
20190628,H1_T2,Amb.7.8,sample,4.777,NA,NA,4,
20190628,H1_T2,Amb.7.8,sample,4.247,NA,NA,4,
20190628,H1_T2,Amb.7.8,sample,4.277,NA,NA,4,
20190628,H1_T2,Amb.7.8,sample,5.926,NA,NA,4,
20190628,H1_T2,Amb.7.8,sample,5.742,NA,NA,4,
20190628,H1_T2,Amb.7.8,sample,2.901,NA,NA,4,
20190628,H1_T2,Amb.7.8,sample,3.774,NA,NA,4,
20190628,H1_T2,Amb.7.8,sample,4.216,NA,NA,4,
20190628,H1_T2,Amb.7.8,sample,4.939,NA,NA,4,
20190628,H1_T2,Amb.7.8,sample,3.893,NA,NA,4,
20190628,H1_T2,Amb.7.8,sample,3.46,NA,NA,4,
20190628,H1_T2,Amb.7.8,sample,3.93,NA,NA,4,
20190628,H1_T2,Amb.7.8,sample,5.676,NA,NA,4,
20190628,H1_T2,Amb.7.8,sample,4.368,NA,NA,4,
20190628,H1_T2,Amb.7.8,sample,3.131,NA,NA,4,
20190628,H1_T2,Amb.7.8,sample,4.63,NA,NA,4,
20190628,H1_T2,Amb.7.8,sample,5.168,NA,NA,4,
20190628,H1_T2,Amb.7.8,sample,3.906,NA,NA,4,
20190628,H1_T2,Amb.7.8,sample,4.104,NA,NA,4,
20190628,H1_T2,Amb.7.8,sample,4.239,NA,NA,4,
20190628,H1_T2,Amb.7.8,sample,6.627,NA,NA,4,
20190628,H1_T2,Amb.7.8,sample,5.976,NA,NA,4,
20190628,H1_T2,Amb.7.8,sample,5.277,NA,NA,4,
20190628,H1_T2,Amb.7.8,sample,3.35,NA,NA,4,
20190628,H1_T2,Amb.7.8,sample,3.883,NA,NA,4,
20190628,H1_T2,Amb.7.8,sample,3.263,NA,NA,4,
20190628,H1_T2,Amb.7.8,sample,5.023,NA,NA,4,
20190628,H1_T2,Amb.7.8,sample,3.26,NA,NA,4,
20190628,H1_T2,Amb.7.8,sample,4.753,NA,NA,4,
20190628,H1_T2,Amb.7.8,sample,5.524,NA,NA,4,
20190628,H1_T2,Amb.7.8,sample,5.666,NA,NA,4,
20190628,H1_T2,Amb.7.8,sample,5.311,NA,NA,4,
20190628,H1_T2,Amb.7.8,sample,5.588,NA,NA,4,
20190628,H1_T2,Amb.7.8,sample,4.265,NA,NA,4,
20190628,H1_T2,Amb.7.8,sample,3.173,NA,NA,4,
20190628,H1_T2,Amb.7.8,sample,5.911,NA,NA,4,
20190628,H1_T2,Amb.7.8,sample,3.354,NA,NA,4,
20190628,H1_T4,Amb.7.8,sample,4.263,NA,NA,4,
20190628,H1_T4,Amb.7.8,sample,4.027,NA,NA,4,
20190628,H1_T4,Amb.7.8,sample,3.447,NA,NA,4,
20190628,H1_T4,Amb.7.8,sample,2.876,NA,NA,4,
20190628,H1_T4,Amb.7.8,sample,2.934,NA,NA,4,
20190628,H1_T4,Amb.7.8,sample,3.245,NA,NA,4,
20190628,H1_T4,Amb.7.8,sample,3.18,NA,NA,4,
20190628,H1_T4,Amb.7.8,sample,2.56,NA,NA,4,
20190628,H1_T4,Amb.7.8,sample,4.2,NA,NA,4,
20190628,H1_T4,Amb.7.8,sample,1.155,NA,NA,4,
20190628,H1_T4,Amb.7.8,sample,3.321,NA,NA,4,
20190628,H1_T4,Amb.7.8,sample,2.43,NA,NA,4,
20190628,H1_T4,Amb.7.8,sample,2.787,NA,NA,4,
20190628,H1_T4,Amb.7.8,sample,1.999,NA,NA,4,
20190628,H1_T4,Amb.7.8,sample,3.343,NA,NA,4,
20190628,H1_T4,Amb.7.8,sample,2.67,NA,NA,4,
20190628,H1_T4,Amb.7.8,sample,3.866,NA,NA,4,
20190628,H1_T4,Amb.7.8,sample,2.71,NA,NA,4,
20190628,H1_T4,Amb.7.8,sample,2.902,NA,NA,4,
20190628,H1_T4,Amb.7.8,sample,3.028,NA,NA,4,
20190628,H1_T4,Amb.7.8,sample,2.753,NA,NA,4,
20190628,H1_T4,Amb.7.8,sample,3.354,NA,NA,4,
20190628,H1_T4,Amb.7.8,sample,4.453,NA,NA,4,
20190628,H1_T4,Amb.7.8,sample,2.827,NA,NA,4,
20190628,H1_T4,Amb.7.8,sample,2.915,NA,NA,4,
20190628,H1_T4,Amb.7.8,sample,3.544,NA,NA,4,
20190628,H1_T4,Amb.7.8,sample,2.193,NA,NA,4,
20190628,H1_T4,Amb.7.8,sample,4.784,NA,NA,4,
20190628,H1_T4,Amb.7.8,sample,3.949,NA,NA,4,
20190628,H1_T4,Amb.7.8,sample,3.522,NA,NA,4,
20190628,H1_T4,Amb.7.8,sample,2.509,NA,NA,4,
20190628,H1_T4,Amb.7.8,sample,1.719,NA,NA,4,
20190628,H1_T4,Amb.7.8,sample,4.106,NA,NA,4,
20190628,H1_T4,Amb.7.8,sample,4.482,NA,NA,4,
20190628,H1_T4,Amb.7.8,sample,1.827,NA,NA,4,
20190628,H1_T4,Amb.7.8,sample,3.828,NA,NA,4,
20190628,H1_T4,Amb.7.8,sample,3.122,NA,NA,4,
20190628,H1_T4,Amb.7.8,sample,3.03,NA,NA,4,
20190628,H1_T4,Amb.7.8,sample,2.974,NA,NA,4,
20190628,H1_T4,Amb.7.8,sample,3.572,NA,NA,4,
20190628,H1_T4,Amb.7.8,sample,3.673,NA,NA,4,
20190628,H1_T4,Amb.7.8,sample,3.921,NA,NA,4,
20190628,H1_T4,Amb.7.8,sample,2.245,NA,NA,4,
20190628,H1_T4,Amb.7.8,sample,1.274,NA,NA,4,
20190628,H1_T4,Amb.7.8,sample,2.675,NA,NA,4,
20190628,H1_T4,Amb.7.8,sample,3.169,NA,NA,4,
20190628,H1_T4,Amb.7.8,sample,3.964,NA,NA,4,
20190628,H1_T4,Amb.7.8,sample,3.42,NA,NA,4,
20190628,H1_T4,Amb.7.8,sample,2.655,NA,NA,4,
20190628,H1_T4,Amb.7.8,sample,3.056,NA,NA,4,
20190628,H1_T6,Amb.7.8,sample,5.098,NA,NA,4,
20190628,H1_T6,Amb.7.8,sample,4.975,NA,NA,4,
20190628,H1_T6,Amb.7.8,sample,4.723,NA,NA,4,
20190628,H1_T6,Amb.7.8,sample,4.228,NA,NA,4,
20190628,H1_T6,Amb.7.8,sample,2.438,NA,NA,4,
20190628,H1_T6,Amb.7.8,sample,4.023,NA,NA,4,
20190628,H1_T6,Amb.7.8,sample,3.084,NA,NA,4,
20190628,H1_T6,Amb.7.8,sample,4.857,NA,NA,4,
20190628,H1_T6,Amb.7.8,sample,4.076,NA,NA,4,
20190628,H1_T6,Amb.7.8,sample,6.664,NA,NA,4,
20190628,H1_T6,Amb.7.8,sample,4.85,NA,NA,4,
20190628,H1_T6,Amb.7.8,sample,7.113,NA,NA,4,
20190628,H1_T6,Amb.7.8,sample,5.416,NA,NA,4,
20190628,H1_T6,Amb.7.8,sample,4.678,NA,NA,4,
20190628,H1_T6,Amb.7.8,sample,4.052,NA,NA,4,
20190628,H1_T6,Amb.7.8,sample,6.105,NA,NA,4,
20190628,H1_T6,Amb.7.8,sample,3.264,NA,NA,4,
20190628,H1_T6,Amb.7.8,sample,4.833,NA,NA,4,
20190628,H1_T6,Amb.7.8,sample,5.514,NA,NA,4,
20190628,H1_T6,Amb.7.8,sample,5.251,NA,NA,4,
20190628,H1_T6,Amb.7.8,sample,3.759,NA,NA,4,
20190628,H1_T6,Amb.7.8,sample,4.57,NA,NA,4,
20190628,H1_T6,Amb.7.8,sample,2.208,NA,NA,4,
20190628,H1_T6,Amb.7.8,sample,2.134,NA,NA,4,
20190628,H1_T6,Amb.7.8,sample,3.559,NA,NA,4,
20190628,H1_T6,Amb.7.8,sample,2.518,NA,NA,4,
20190628,H1_T6,Amb.7.8,sample,2.628,NA,NA,4,
20190628,H1_T6,Amb.7.8,sample,4.315,NA,NA,4,
20190628,H1_T6,Amb.7.8,sample,5.862,NA,NA,4,
20190628,H1_T6,Amb.7.8,sample,4.399,NA,NA,4,
20190628,H1_T6,Amb.7.8,sample,5.037,NA,NA,4,
20190628,H1_T6,Amb.7.8,sample,5.125,NA,NA,4,
20190628,H1_T6,Amb.7.8,sample,6.048,NA,NA,4,
20190628,H1_T6,Amb.7.8,sample,4.676,NA,NA,4,
20190628,H1_T6,Amb.7.8,sample,5.137,NA,NA,4,
20190628,H1_T6,Amb.7.8,sample,5.062,NA,NA,4,
20190628,H1_T6,Amb.7.8,sample,5.095,NA,NA,4,
20190628,H1_T6,Amb.7.8,sample,3.267,NA,NA,4,
20190628,H1_T6,Amb.7.8,sample,3.43,NA,NA,4,
20190628,H1_T6,Amb.7.8,sample,4.617,NA,NA,4,
20190628,H1_T6,Amb.7.8,sample,3.597,NA,NA,4,
20190628,H1_T6,Amb.7.8,sample,2.194,NA,NA,4,
20190628,H1_T6,Amb.7.8,sample,4.654,NA,NA,4,
20190628,H1_T6,Amb.7.8,sample,6.25,NA,NA,4,
20190628,H1_T6,Amb.7.8,sample,2.662,NA,NA,4,
20190628,H1_T6,Amb.7.8,sample,4.613,NA,NA,4,
20190628,H1_T6,Amb.7.8,sample,3.995,NA,NA,4,
20190628,H1_T6,Amb.7.8,sample,2.758,NA,NA,4,
20190628,H1_T6,Amb.7.8,sample,5.764,NA,NA,4,
20190628,H1_T6,Amb.7.8,sample,5.017,NA,NA,4,
20190628,H1_T6,Amb.7.8,sample,4.646,NA,NA,4,
20190628,H1_T6,Amb.7.8,sample,3.601,NA,NA,4,
20190628,H1_T6,Amb.7.8,sample,5.78,NA,NA,4,
20190628,H1_T6,Amb.7.8,sample,5.511,NA,NA,4,
20190628,H1_T6,Amb.7.8,sample,5.022,NA,NA,4,
20190628,H1_T6,Amb.7.8,sample,3.776,NA,NA,4,
20190628,H1_T6,Amb.7.8,sample,4.421,NA,NA,4,
20190628,H1_T6,Amb.7.8,sample,5.569,NA,NA,4,
20190628,H1_T6,Amb.7.8,sample,6.216,NA,NA,4,
20190628,H1_T6,Amb.7.8,sample,6.192,NA,NA,4,
20190628,H1_T6,Amb.7.8,sample,5.732,NA,NA,4,
20190628,H1_T6,Amb.7.8,sample,5.191,NA,NA,4,
20190628,H1_T8,Amb.7.8,sample,3.649,NA,NA,4,
20190628,H1_T8,Amb.7.8,sample,2.973,NA,NA,4,
20190628,H1_T8,Amb.7.8,sample,3.009,NA,NA,4,
20190628,H1_T8,Amb.7.8,sample,3.967,NA,NA,4,
20190628,H1_T8,Amb.7.8,sample,4.374,NA,NA,4,
20190628,H1_T8,Amb.7.8,sample,3.851,NA,NA,4,
20190628,H1_T8,Amb.7.8,sample,2.775,NA,NA,4,
20190628,H1_T8,Amb.7.8,sample,3.146,NA,NA,4,
20190628,H1_T8,Amb.7.8,sample,2.896,NA,NA,4,
20190628,H1_T8,Amb.7.8,sample,3.024,NA,NA,4,
20190628,H1_T8,Amb.7.8,sample,3.305,NA,NA,4,
20190628,H1_T8,Amb.7.8,sample,3.769,NA,NA,4,
20190628,H1_T8,Amb.7.8,sample,3.304,NA,NA,4,
20190628,H1_T8,Amb.7.8,sample,3.117,NA,NA,4,
20190628,H1_T8,Amb.7.8,sample,2.78,NA,NA,4,
20190628,H1_T8,Amb.7.8,sample,2.98,NA,NA,4,
20190628,H1_T8,Amb.7.8,sample,3.096,NA,NA,4,
20190628,H1_T8,Amb.7.8,sample,3.967,NA,NA,4,
20190628,H1_T8,Amb.7.8,sample,2.393,NA,NA,4,
20190628,H1_T8,Amb.7.8,sample,3.588,NA,NA,4,
20190628,H1_T8,Amb.7.8,sample,3.124,NA,NA,4,
20190628,H1_T8,Amb.7.8,sample,3.765,NA,NA,4,
20190628,H1_T8,Amb.7.8,sample,3.51,NA,NA,4,
20190628,H1_T8,Amb.7.8,sample,2.85,NA,NA,4,
20190628,H1_T8,Amb.7.8,sample,2.938,NA,NA,4,
20190628,H1_T8,Amb.7.8,sample,3.032,NA,NA,4,
20190628,H1_T8,Amb.7.8,sample,2.962,NA,NA,4,
20190628,H1_T8,Amb.7.8,sample,2.865,NA,NA,4,
20190628,H1_T8,Amb.7.8,sample,3.215,NA,NA,4,
20190628,H1_T8,Amb.7.8,sample,2.656,NA,NA,4,
20190628,H1_T8,Amb.7.8,sample,2.818,NA,NA,4,
20190628,H1_T8,Amb.7.8,sample,2.776,NA,NA,4,
20190628,H1_T8,Amb.7.8,sample,3.088,NA,NA,4,
20190628,H1_T8,Amb.7.8,sample,3.592,NA,NA,4,
20190628,H1_T8,Amb.7.8,sample,3.153,NA,NA,4,
20190628,H1_T8,Amb.7.8,sample,4.154,NA,NA,4,
20190628,H1_T8,Amb.7.8,sample,3.219,NA,NA,4,
20190628,H1_T8,Amb.7.8,sample,4.192,NA,NA,4,
20190628,H1_T8,Amb.7.8,sample,4.978,NA,NA,4,
20190628,H1_T8,Amb.7.8,sample,3.98,NA,NA,4,
20190628,H1_T8,Amb.7.8,sample,3.105,NA,NA,4,
20190628,H1_T8,Amb.7.8,sample,3.625,NA,NA,4,
20190628,H1_T8,Amb.7.8,sample,3.738,NA,NA,4,
20190628,H1_T8,Amb.7.8,sample,3.202,NA,NA,4,
20190628,H1_T8,Amb.7.8,sample,4.339,NA,NA,4,
20190628,H1_T8,Amb.7.8,sample,3.601,NA,NA,4,
20190628,H1_T8,Amb.7.8,sample,3.808,NA,NA,4,
20190628,H1_T8,Amb.7.8,sample,3.604,NA,NA,4,
20190628,H1_T1,Mod.7.3,sample,6.412,NA,NA,4,
20190628,H1_T1,Mod.7.3,sample,6.316,NA,NA,4,
20190628,H1_T1,Mod.7.3,sample,6.219,NA,NA,4,
20190628,H1_T1,Mod.7.3,sample,5.715,NA,NA,4,
20190628,H1_T1,Mod.7.3,sample,4.738,NA,NA,4,
20190628,H1_T1,Mod.7.3,sample,7.561,NA,NA,4,
20190628,H1_T1,Mod.7.3,sample,5.614,NA,NA,4,
20190628,H1_T1,Mod.7.3,sample,6.503,NA,NA,4,
20190628,H1_T1,Mod.7.3,sample,3.922,NA,NA,4,
20190628,H1_T1,Mod.7.3,sample,6.035,NA,NA,4,
20190628,H1_T1,Mod.7.3,sample,7.089,NA,NA,4,
20190628,H1_T1,Mod.7.3,sample,4.381,NA,NA,4,
20190628,H1_T1,Mod.7.3,sample,4.268,NA,NA,4,
20190628,H1_T1,Mod.7.3,sample,5.524,NA,NA,4,
20190628,H1_T1,Mod.7.3,sample,5.555,NA,NA,4,
20190628,H1_T1,Mod.7.3,sample,5.825,NA,NA,4,
20190628,H1_T1,Mod.7.3,sample,5.782,NA,NA,4,
20190628,H1_T1,Mod.7.3,sample,5.187,NA,NA,4,
20190628,H1_T1,Mod.7.3,sample,7.741,NA,NA,4,
20190628,H1_T1,Mod.7.3,sample,6.584,NA,NA,4,
20190628,H1_T1,Mod.7.3,sample,3.938,NA,NA,4,
20190628,H1_T1,Mod.7.3,sample,5.728,NA,NA,4,
20190628,H1_T1,Mod.7.3,sample,6.542,NA,NA,4,
20190628,H1_T1,Mod.7.3,sample,4.472,NA,NA,4,
20190628,H1_T1,Mod.7.3,sample,2.412,NA,NA,4,
20190628,H1_T1,Mod.7.3,sample,5.616,NA,NA,4,
20190628,H1_T1,Mod.7.3,sample,5.836,NA,NA,4,
20190628,H1_T1,Mod.7.3,sample,4.313,NA,NA,4,
20190628,H1_T1,Mod.7.3,sample,6.796,NA,NA,4,
20190628,H1_T1,Mod.7.3,sample,6.289,NA,NA,4,
20190628,H1_T1,Mod.7.3,sample,6.077,NA,NA,4,
20190628,H1_T1,Mod.7.3,sample,4.201,NA,NA,4,
20190628,H1_T1,Mod.7.3,sample,5.388,NA,NA,4,
20190628,H1_T1,Mod.7.3,sample,5.298,NA,NA,4,
20190628,H1_T1,Mod.7.3,sample,6.496,NA,NA,4,
20190628,H1_T1,Mod.7.3,sample,4.99,NA,NA,4,
20190628,H1_T1,Mod.7.3,sample,6.827,NA,NA,4,
20190628,H1_T1,Mod.7.3,sample,6.356,NA,NA,4,
20190628,H1_T1,Mod.7.3,sample,6.115,NA,NA,4,
20190628,H1_T1,Mod.7.3,sample,3.636,NA,NA,4,
20190628,H1_T1,Mod.7.3,sample,6.373,NA,NA,4,
20190628,H1_T1,Mod.7.3,sample,6.692,NA,NA,4,
20190628,H1_T1,Mod.7.3,sample,5.373,NA,NA,4,
20190628,H1_T1,Mod.7.3,sample,5.82,NA,NA,4,
20190628,H1_T1,Mod.7.3,sample,5.273,NA,NA,4,
20190628,H1_T1,Mod.7.3,sample,6.374,NA,NA,4,
20190628,H1_T1,Mod.7.3,sample,4.312,NA,NA,4,
20190628,H1_T1,Mod.7.3,sample,5.416,NA,NA,4,
20190628,H1_T1,Mod.7.3,sample,4.453,NA,NA,4,
20190628,H1_T1,Mod.7.3,sample,6.475,NA,NA,4,
20190628,H1_T1,Mod.7.3,sample,5.511,NA,NA,4,
20190628,H1_T1,Mod.7.3,sample,6.073,NA,NA,4,
20190628,H1_T1,Mod.7.3,sample,6.037,NA,NA,4,
20190628,H1_T1,Mod.7.3,sample,5.288,NA,NA,4,
20190628,H1_T1,Mod.7.3,sample,5.077,NA,NA,4,
20190628,H1_T1,Mod.7.3,sample,5.772,NA,NA,4,
20190628,H1_T1,Mod.7.3,sample,5.264,NA,NA,4,
20190628,H1_T1,Mod.7.3,sample,5.656,NA,NA,4,
20190628,H1_T1,Mod.7.3,sample,5.393,NA,NA,4,
20190628,H1_T1,Mod.7.3,sample,5.6,NA,NA,4,
20190628,H1_T1,Mod.7.3,sample,6.47,NA,NA,4,
20190628,H1_T1,Mod.7.3,sample,6.207,NA,NA,4,
20190628,H1_T1,Mod.7.3,sample,5.052,NA,NA,4,
20190628,H1_T1,Mod.7.3,sample,4.116,NA,NA,4,
20190628,H1_T1,Mod.7.3,sample,4.471,NA,NA,4,
20190628,H1_T1,Mod.7.3,sample,6.708,NA,NA,4,
20190628,H1_T1,Mod.7.3,sample,5.454,NA,NA,4,
20190628,H1_T1,Mod.7.3,sample,5.624,NA,NA,4,
20190628,H1_T1,Mod.7.3,sample,4.538,NA,NA,4,
20190628,H1_T1,Mod.7.3,sample,5.862,NA,NA,4,
20190628,H1_T1,Mod.7.3,sample,7.616,NA,NA,4,
20190628,H1_T1,Mod.7.3,sample,7.688,NA,NA,4,
20190628,H1_T1,Mod.7.3,sample,5.823,NA,NA,4,
20190628,H1_T1,Mod.7.3,sample,4.914,NA,NA,4,
20190628,H1_T1,Mod.7.3,sample,4.866,NA,NA,4,
20190628,H1_T1,Mod.7.3,sample,5.621,NA,NA,4,
20190628,H1_T3,Mod.7.3,sample,4.624,NA,NA,4,
20190628,H1_T3,Mod.7.3,sample,4.35,NA,NA,4,
20190628,H1_T3,Mod.7.3,sample,4.976,NA,NA,4,
20190628,H1_T3,Mod.7.3,sample,6.578,NA,NA,4,
20190628,H1_T3,Mod.7.3,sample,5.802,NA,NA,4,
20190628,H1_T3,Mod.7.3,sample,6.107,NA,NA,4,
20190628,H1_T3,Mod.7.3,sample,4.131,NA,NA,4,
20190628,H1_T3,Mod.7.3,sample,5.251,NA,NA,4,
20190628,H1_T3,Mod.7.3,sample,4.637,NA,NA,4,
20190628,H1_T3,Mod.7.3,sample,4.793,NA,NA,4,
20190628,H1_T3,Mod.7.3,sample,6.593,NA,NA,4,
20190628,H1_T3,Mod.7.3,sample,3.167,NA,NA,4,
20190628,H1_T3,Mod.7.3,sample,4.75,NA,NA,4,
20190628,H1_T3,Mod.7.3,sample,5.075,NA,NA,4,
20190628,H1_T3,Mod.7.3,sample,4.427,NA,NA,4,
20190628,H1_T3,Mod.7.3,sample,7.023,NA,NA,4,
20190628,H1_T3,Mod.7.3,sample,3.427,NA,NA,4,
20190628,H1_T3,Mod.7.3,sample,5.539,NA,NA,4,
20190628,H1_T3,Mod.7.3,sample,4.605,NA,NA,4,
20190628,H1_T3,Mod.7.3,sample,5.746,NA,NA,4,
20190628,H1_T3,Mod.7.3,sample,3.721,NA,NA,4,
20190628,H1_T3,Mod.7.3,sample,5.826,NA,NA,4,
20190628,H1_T3,Mod.7.3,sample,6.42,NA,NA,4,
20190628,H1_T3,Mod.7.3,sample,4.329,NA,NA,4,
20190628,H1_T3,Mod.7.3,sample,4.336,NA,NA,4,
20190628,H1_T3,Mod.7.3,sample,4.883,NA,NA,4,
20190628,H1_T3,Mod.7.3,sample,6.049,NA,NA,4,
20190628,H1_T3,Mod.7.3,sample,5.154,NA,NA,4,
20190628,H1_T3,Mod.7.3,sample,5.292,NA,NA,4,
20190628,H1_T3,Mod.7.3,sample,2.71,NA,NA,4,
20190628,H1_T3,Mod.7.3,sample,4.811,NA,NA,4,
20190628,H1_T3,Mod.7.3,sample,6.044,NA,NA,4,
20190628,H1_T3,Mod.7.3,sample,5.163,NA,NA,4,
20190628,H1_T3,Mod.7.3,sample,5.135,NA,NA,4,
20190628,H1_T3,Mod.7.3,sample,5.589,NA,NA,4,
20190628,H1_T3,Mod.7.3,sample,5.735,NA,NA,4,
20190628,H1_T3,Mod.7.3,sample,6.042,NA,NA,4,
20190628,H1_T3,Mod.7.3,sample,5.286,NA,NA,4,
20190628,H1_T3,Mod.7.3,sample,6.12,NA,NA,4,
20190628,H1_T3,Mod.7.3,sample,4.73,NA,NA,4,
20190628,H1_T3,Mod.7.3,sample,4.782,NA,NA,4,
20190628,H1_T3,Mod.7.3,sample,6.784,NA,NA,4,
20190628,H1_T3,Mod.7.3,sample,3.315,NA,NA,4,
20190628,H1_T3,Mod.7.3,sample,5.749,NA,NA,4,
20190628,H1_T5,Mod.7.3,sample,6.003,NA,NA,4,
20190628,H1_T5,Mod.7.3,sample,4.458,NA,NA,4,
20190628,H1_T5,Mod.7.3,sample,3.977,NA,NA,4,
20190628,H1_T5,Mod.7.3,sample,5.259,NA,NA,4,
20190628,H1_T5,Mod.7.3,sample,5.024,NA,NA,4,
20190628,H1_T5,Mod.7.3,sample,5.843,NA,NA,4,
20190628,H1_T5,Mod.7.3,sample,5.985,NA,NA,4,
20190628,H1_T5,Mod.7.3,sample,2.974,NA,NA,4,
20190628,H1_T5,Mod.7.3,sample,6.344,NA,NA,4,
20190628,H1_T5,Mod.7.3,sample,5.848,NA,NA,4,
20190628,H1_T5,Mod.7.3,sample,5.974,NA,NA,4,
20190628,H1_T5,Mod.7.3,sample,3.575,NA,NA,4,
20190628,H1_T5,Mod.7.3,sample,6.226,NA,NA,4,
20190628,H1_T5,Mod.7.3,sample,3.914,NA,NA,4,
20190628,H1_T5,Mod.7.3,sample,6.542,NA,NA,4,
20190628,H1_T5,Mod.7.3,sample,4.682,NA,NA,4,
20190628,H1_T5,Mod.7.3,sample,4.57,NA,NA,4,
20190628,H1_T5,Mod.7.3,sample,3.939,NA,NA,4,
20190628,H1_T5,Mod.7.3,sample,3.712,NA,NA,4,
20190628,H1_T5,Mod.7.3,sample,4.445,NA,NA,4,
20190628,H1_T5,Mod.7.3,sample,3.286,NA,NA,4,
20190628,H1_T5,Mod.7.3,sample,6.953,NA,NA,4,
20190628,H1_T5,Mod.7.3,sample,5.657,NA,NA,4,
20190628,H1_T5,Mod.7.3,sample,6,NA,NA,4,
20190628,H1_T5,Mod.7.3,sample,4.876,NA,NA,4,
20190628,H1_T5,Mod.7.3,sample,4.514,NA,NA,4,
20190628,H1_T5,Mod.7.3,sample,5.76,NA,NA,4,
20190628,H1_T5,Mod.7.3,sample,6.053,NA,NA,4,
20190628,H1_T5,Mod.7.3,sample,3.047,NA,NA,4,
20190628,H1_T5,Mod.7.3,sample,5.061,NA,NA,4,
20190628,H1_T5,Mod.7.3,sample,5.981,NA,NA,4,
20190628,H1_T5,Mod.7.3,sample,4.67,NA,NA,4,
20190628,H1_T5,Mod.7.3,sample,4.845,NA,NA,4,
20190628,H1_T5,Mod.7.3,sample,4.721,NA,NA,4,
20190628,H1_T5,Mod.7.3,sample,5.968,NA,NA,4,
20190628,H1_T7,Mod.7.3,sample,3.877,NA,NA,4,
20190628,H1_T7,Mod.7.3,sample,3.973,NA,NA,4,
20190628,H1_T7,Mod.7.3,sample,4.416,NA,NA,4,
20190628,H1_T7,Mod.7.3,sample,3.383,NA,NA,4,
20190628,H1_T7,Mod.7.3,sample,3.076,NA,NA,4,
20190628,H1_T7,Mod.7.3,sample,4.198,NA,NA,4,
20190628,H1_T7,Mod.7.3,sample,4.881,NA,NA,4,
20190628,H1_T7,Mod.7.3,sample,3.474,NA,NA,4,
20190628,H1_T7,Mod.7.3,sample,3.829,NA,NA,4,
20190628,H1_T7,Mod.7.3,sample,3.889,NA,NA,4,
20190628,H1_T7,Mod.7.3,sample,5.011,NA,NA,4,
20190628,H1_T7,Mod.7.3,sample,4.546,NA,NA,4,
20190628,H1_T7,Mod.7.3,sample,4.012,NA,NA,4,
20190628,H1_T7,Mod.7.3,sample,3.776,NA,NA,4,
20190628,H1_T7,Mod.7.3,sample,4.792,NA,NA,4,
20190628,H1_T7,Mod.7.3,sample,3.807,NA,NA,4,
20190628,H1_T7,Mod.7.3,sample,3.215,NA,NA,4,
20190628,H1_T7,Mod.7.3,sample,4.03,NA,NA,4,
20190628,H1_T7,Mod.7.3,sample,4.141,NA,NA,4,
20190628,H1_T7,Mod.7.3,sample,3.971,NA,NA,4,
20190628,H1_T7,Mod.7.3,sample,4.042,NA,NA,4,
20190628,H1_T7,Mod.7.3,sample,3.596,NA,NA,4,
20190628,H1_T7,Mod.7.3,sample,3.733,NA,NA,4,
20190628,H1_T7,Mod.7.3,sample,4.14,NA,NA,4,
20190628,H1_T7,Mod.7.3,sample,3.563,NA,NA,4,
20190628,H1_T7,Mod.7.3,sample,4.896,NA,NA,4,
20190628,H1_T7,Mod.7.3,sample,4.034,NA,NA,4,
20190628,H1_T7,Mod.7.3,sample,4.079,NA,NA,4,
20190704,H1_T1,Mod.7.3,sample,5.63,1,A1,4,test resp run with 5 individuals
20190704,H1_T1,Mod.7.3,sample,6.439,1,A1,4,test resp run with 5 individuals
20190704,H1_T1,Mod.7.3,sample,6.375,1,A1,4,test resp run with 5 individuals
20190704,H1_T1,Mod.7.3,sample,6.236,1,A1,4,test resp run with 5 individuals
20190704,H1_T1,Mod.7.3,sample,6.241,1,A1,4,test resp run with 5 individuals
20190704,H1_T1,Mod.7.3,sample,6.717,1,A2,4,test resp run with 5 individuals
20190704,H1_T1,Mod.7.3,sample,7.127,1,A2,4,test resp run with 5 individuals
20190704,H1_T1,Mod.7.3,sample,6.808,1,A2,4,test resp run with 5 individuals
20190704,H1_T1,Mod.7.3,sample,7.623,1,A2,4,test resp run with 5 individuals
20190704,H1_T1,Mod.7.3,sample,4.956,1,A2,4,test resp run with 5 individuals
20190704,H1_T1,Mod.7.3,sample,6.229,1,A3,4,test resp run with 5 individuals
20190704,H1_T1,Mod.7.3,sample,6.516,1,A3,4,test resp run with 5 individuals
20190704,H1_T1,Mod.7.3,sample,7.173,1,A3,4,test resp run with 5 individuals
20190704,H1_T1,Mod.7.3,sample,6.925,1,A3,4,test resp run with 5 individuals
20190704,H1_T1,Mod.7.3,sample,6.677,1,A3,4,test resp run with 5 individuals
20190704,NA,Mod.7.3,Blank,NA,1,A4,4,test resp run with 5 individuals
20190704,NA,NA,empty,NA,1,A5,4,test resp run with 5 individuals
20190704,NA,NA,empty,NA,1,A6,4,test resp run with 5 individuals
20190704,NA,Mod.7.3,Blank,NA,1,B1,4,test resp run with 5 individuals
20190704,NA,Mod.7.3,Blank,NA,1,B2,4,test resp run with 5 individuals
20190704,NA,Mod.7.3,Blank,NA,1,B3,4,test resp run with 5 individuals
20190704,NA,Mod.7.3,Blank,NA,1,B4,4,test resp run with 5 individuals
20190704,NA,NA,empty,NA,1,B5,4,test resp run with 5 individuals
20190704,NA,NA,empty,NA,1,B6,4,test resp run with 5 individuals
20190704,H1_T2,Amb.7.8,sample,5.995,1,C1,4,test resp run with 5 individuals
20190704,H1_T2,Amb.7.8,sample,5.367,1,C1,4,test resp run with 5 individuals
20190704,H1_T2,Amb.7.8,sample,5.619,1,C1,4,test resp run with 5 individuals
20190704,H1_T2,Amb.7.8,sample,6.623,1,C1,4,test resp run with 5 individuals
20190704,H1_T2,Amb.7.8,sample,5.916,1,C1,4,test resp run with 5 individuals
20190704,H1_T2,Amb.7.8,sample,4.972,1,C2,4,test resp run with 5 individuals
20190704,H1_T2,Amb.7.8,sample,5.338,1,C2,4,test resp run with 5 individuals
20190704,H1_T2,Amb.7.8,sample,5.693,1,C2,4,test resp run with 5 individuals
20190704,H1_T2,Amb.7.8,sample,5.7,1,C2,4,test resp run with 5 individuals
20190704,H1_T2,Amb.7.8,sample,5.434,1,C2,4,test resp run with 5 individuals
20190704,H1_T2,Amb.7.8,sample,5.788,1,C3,4,test resp run with 5 individuals
20190704,H1_T2,Amb.7.8,sample,5.637,1,C3,4,test resp run with 5 individuals
20190704,H1_T2,Amb.7.8,sample,5.784,1,C3,4,test resp run with 5 individuals
20190704,H1_T2,Amb.7.8,sample,5.178,1,C3,4,test resp run with 5 individuals
20190704,H1_T2,Amb.7.8,sample,6.272,1,C3,4,test resp run with 5 individuals
20190704,NA,Amb.7.8,Blank,NA,1,C4,4,test resp run with 5 individuals
20190704,NA,NA,empty,NA,1,C5,4,test resp run with 5 individuals
20190704,NA,NA,empty,NA,1,C6,4,test resp run with 5 individuals
20190704,NA,Amb.7.8,Blank,NA,1,D1,4,test resp run with 5 individuals
20190704,NA,Amb.7.8,Blank,NA,1,D2,4,test resp run with 5 individuals
20190704,NA,Amb.7.8,Blank,NA,1,D3,4,test resp run with 5 individuals
20190704,NA,Amb.7.8,Blank,NA,1,D4,4,test resp run with 5 individuals
20190704,NA,NA,empty,NA,1,D5,4,test resp run with 5 individuals
20190704,NA,NA,empty,NA,1,D6,4,test resp run with 5 individuals
20190716,H1_T1,Mod.7.3,sample,6.473,1,A1,4,pre
20190716,H1_T1,Mod.7.3,sample,6,1,A1,4,pre
20190716,H1_T1,Mod.7.3,sample,6.128,1,A1,4,pre
20190716,H1_T3,Mod.7.3,sample,7.441,1,A2,4,pre
20190716,H1_T3,Mod.7.3,sample,7.186,1,A2,4,pre
20190716,H1_T3,Mod.7.3,sample,6.901,1,A2,4,pre
20190716,NA,Mod.7.3,Blank,NA,1,A3,4,pre
20190716,H1_T3,Mod.7.3,sample,7.446,1,A4,4,pre
20190716,H1_T3,Mod.7.3,sample,7.551,1,A4,4,pre
20190716,H1_T3,Mod.7.3,sample,7.256,1,A4,4,pre
20190716,H1_T3,Mod.7.3,sample,7.163,1,A5,4,pre
20190716,H1_T3,Mod.7.3,sample,7.78,1,A5,4,pre
20190716,H1_T3,Mod.7.3,sample,8.278,1,A5,4,pre
20190716,NA,Mod.7.3,Blank,NA,1,A6,4,pre
20190716,NA,Mod.7.3,Blank,NA,1,B1,4,pre
20190716,H1_T3,Mod.7.3,sample,7.51,1,B2,4,pre
20190716,H1_T3,Mod.7.3,sample,7.238,1,B2,4,pre
20190716,H1_T3,Mod.7.3,sample,7.517,1,B2,4,pre
20190716,H1_T1,Mod.7.3,sample,6.239,1,B3,4,pre
20190716,H1_T1,Mod.7.3,sample,6.319,1,B3,4,pre
20190716,H1_T1,Mod.7.3,sample,7.333,1,B3,4,pre
20190716,NA,Mod.7.3,Blank,NA,1,B4,4,pre
20190716,H1_T1,Mod.7.3,sample,7.482,1,B5,4,pre
20190716,H1_T1,Mod.7.3,sample,6.962,1,B5,4,pre
20190716,H1_T1,Mod.7.3,sample,7.879,1,B5,4,pre
20190716,H1_T1,Mod.7.3,sample,6.887,1,B6,4,pre
20190716,H1_T1,Mod.7.3,sample,6.77,1,B6,4,pre
20190716,H1_T1,Mod.7.3,sample,7.857,1,B6,4,pre
20190716,H1_T2,Amb.7.8,sample,8.279,1,C1,4,pre
20190716,H1_T2,Amb.7.8,sample,5.566,1,C1,4,pre
20190716,H1_T2,Amb.7.8,sample,6.423,1,C1,4,pre
20190716,NA,Amb.7.8,Blank,NA,1,C2,4,pre
20190716,H1_T6,Amb.7.8,sample,7.042,1,C3,4,pre
20190716,H1_T6,Amb.7.8,sample,6.622,1,C3,4,pre
20190716,H1_T6,Amb.7.8,sample,6.603,1,C3,4,pre
20190716,NA,Amb.7.8,Blank,NA,1,C4,4,pre
20190716,NA,Amb.7.8,Blank,NA,1,C5,4,pre
20190716,H1_T6,Amb.7.8,sample,6.529,1,C6,4,pre
20190716,H1_T6,Amb.7.8,sample,6.828,1,C6,4,pre
20190716,H1_T6,Amb.7.8,sample,7.409,1,C6,4,pre
20190716,H1_T2,Amb.7.8,sample,6.912,1,D1,4,pre
20190716,H1_T2,Amb.7.8,sample,6.194,1,D1,4,pre
20190716,H1_T2,Amb.7.8,sample,6.219,1,D1,4,pre
20190716,NA,Amb.7.8,Blank,NA,1,D2,4,pre
20190716,H1_T2,Amb.7.8,sample,6.188,1,D3,4,pre
20190716,H1_T2,Amb.7.8,sample,6.617,1,D3,4,pre
20190716,H1_T2,Amb.7.8,sample,5.582,1,D3,4,pre
20190716,H1_T6,Amb.7.8,sample,5.959,1,D4,4,pre
20190716,H1_T6,Amb.7.8,sample,6.195,1,D4,4,pre
20190716,H1_T6,Amb.7.8,sample,6.172,1,D4,4,pre
20190716,H1_T6,Amb.7.8,sample,6.303,1,D5,4,pre
20190716,H1_T6,Amb.7.8,sample,7.593,1,D5,4,pre
20190716,H1_T6,Amb.7.8,sample,5.984,1,D5,4,pre
20190716,H1_T2,Amb.7.8,sample,6.622,1,D6,4,pre
20190716,H1_T2,Amb.7.8,sample,5.995,1,D6,4,pre
20190716,H1_T2,Amb.7.8,sample,7.067,1,D6,4,pre
20190723,H1_T1,Mod.7.3,sample,5.658,1,A1,4.6362,pre
20190723,H1_T1,Mod.7.3,sample,5.79,1,A1,4.6362,pre
20190723,H1_T1,Mod.7.3,sample,9.082,1,A1,4.6362,pre
20190723,NA,Mod.7.3,Blank,NA,1,A2,4.8222,pre
20190723,H1_T1,Mod.7.3,sample,4.605,1,A3,4.586,pre
20190723,H1_T1,Mod.7.3,sample,5.003,1,A3,4.586,pre
20190723,H1_T1,Mod.7.3,sample,8.405,1,A3,4.586,pre
20190723,NA,Mod.7.3,Blank,NA,1,A4,4.8642,pre
20190723,H1_T1,Mod.7.3,sample,8.116,1,A5,4.4419,pre
20190723,H1_T1,Mod.7.3,sample,7.286,1,A5,4.4419,pre
20190723,H1_T1,Mod.7.3,sample,7.882,1,A5,4.4419,pre
20190723,H1_T3,Mod.7.3,sample,5.71,1,A6,4.6864,pre
20190723,H1_T3,Mod.7.3,sample,7.257,1,A6,4.6864,pre
20190723,H1_T3,Mod.7.3,sample,6.471,1,A6,4.6864,pre
20190723,NA,Mod.7.3,Blank,NA,1,B1,4.8329,pre
20190723,H1_T1,Mod.7.3,sample,6.512,1,B2,4.4917,pre
20190723,H1_T1,Mod.7.3,sample,8.502,1,B2,4.4917,pre
20190723,H1_T1,Mod.7.3,sample,6.292,1,B2,4.4917,pre
20190723,NA,Mod.7.3,Blank,NA,1,B3,4.9084,pre
20190723,H1_T1,Mod.7.3,sample,8.951,1,B4,4.4752,pre
20190723,H1_T1,Mod.7.3,sample,5.851,1,B4,4.4752,pre
20190723,H1_T1,Mod.7.3,sample,4.583,1,B4,4.4752,pre
20190723,H1_T3,Mod.7.3,sample,7.387,1,B5,4.6572,pre
20190723,H1_T3,Mod.7.3,sample,6.345,1,B5,4.6572,pre
20190723,H1_T3,Mod.7.3,sample,7.648,1,B5,4.6572,pre
20190723,H1_T7,Mod.7.3,sample,5.649,1,B6,4.6551,pre
20190723,H1_T7,Mod.7.3,sample,6.194,1,B6,4.6551,pre
20190723,H1_T7,Mod.7.3,sample,6.555,1,B6,4.6551,pre
20190723,H1_T7,Mod.7.3,sample,6.405,1,C1,4.709,pre
20190723,H1_T7,Mod.7.3,sample,5.956,1,C1,4.709,pre
20190723,H1_T7,Mod.7.3,sample,6.594,1,C1,4.709,pre
20190723,H1_T7,Mod.7.3,sample,6.157,1,C2,4.588,pre
20190723,H1_T7,Mod.7.3,sample,6.195,1,C2,4.588,pre
20190723,H1_T7,Mod.7.3,sample,7.565,1,C2,4.588,pre
20190723,H1_T5,Mod.7.3,sample,6.72,1,C3,4.695,pre
20190723,H1_T5,Mod.7.3,sample,6.185,1,C3,4.695,pre
20190723,H1_T5,Mod.7.3,sample,5.742,1,C3,4.695,pre
20190723,H1_T5,Mod.7.3,sample,6.252,1,C4,4.4809,pre
20190723,H1_T5,Mod.7.3,sample,8.468,1,C4,4.4809,pre
20190723,H1_T5,Mod.7.3,sample,7.313,1,C4,4.4809,pre
20190723,H1_T5,Mod.7.3,sample,7.511,1,C5,4.6773,pre
20190723,H1_T5,Mod.7.3,sample,6.346,1,C5,4.6773,pre
20190723,H1_T5,Mod.7.3,sample,6.051,1,C5,4.6773,pre
20190723,H1_T3,Mod.7.3,sample,6.063,1,C6,4.6302,pre
20190723,H1_T3,Mod.7.3,sample,6.447,1,C6,4.6302,pre
20190723,H1_T3,Mod.7.3,sample,6.927,1,C6,4.6302,pre
20190723,H1_T7,Mod.7.3,sample,5.994,1,D1,4.611,pre
20190723,H1_T7,Mod.7.3,sample,6.244,1,D1,4.611,pre
20190723,H1_T7,Mod.7.3,sample,6.726,1,D1,4.611,pre
20190723,H1_T7,Mod.7.3,sample,5.269,1,D2,4.5838,pre
20190723,H1_T7,Mod.7.3,sample,7.85,1,D2,4.5838,pre
20190723,H1_T7,Mod.7.3,sample,5.825,1,D2,4.5838,pre
20190723,H1_T5,Mod.7.3,sample,6.561,1,D3,4.5705,pre
20190723,H1_T5,Mod.7.3,sample,7.206,1,D3,4.5705,pre
20190723,H1_T5,Mod.7.3,sample,7.277,1,D3,4.5705,pre
20190723,H1_T5,Mod.7.3,sample,8.754,1,D4,4.5327,pre
20190723,H1_T5,Mod.7.3,sample,6.622,1,D4,4.5327,pre
20190723,H1_T5,Mod.7.3,sample,6.976,1,D4,4.5327,pre
20190723,H1_T3,Mod.7.3,sample,6.69,1,D5,4.5984,pre
20190723,H1_T3,Mod.7.3,sample,9.744,1,D5,4.5984,pre
20190723,H1_T3,Mod.7.3,sample,5.189,1,D5,4.5984,pre
20190723,H1_T3,Mod.7.3,sample,8.345,1,D6,4.6115,pre
20190723,H1_T3,Mod.7.3,sample,5.63,1,D6,4.6115,pre
20190723,H1_T3,Mod.7.3,sample,6.405,1,D6,4.6115,pre
20190723,NA,Amb.7.8,Blank,NA,2,A1,4.9369,pre
20190723,H1_T2,Amb.7.8,sample,5.661,2,A2,4.7106,pre
20190723,H1_T2,Amb.7.8,sample,5.248,2,A2,4.7106,pre
20190723,H1_T2,Amb.7.8,sample,6.703,2,A2,4.7106,pre
20190723,H1_T2,Amb.7.8,sample,5.661,2,A3,4.711,pre
20190723,H1_T2,Amb.7.8,sample,6.965,2,A3,4.711,pre
20190723,H1_T2,Amb.7.8,sample,7.089,2,A3,4.711,pre
20190723,H1_T4,Amb.7.8,sample,5.5,2,A4,4.7661,pre
20190723,H1_T4,Amb.7.8,sample,6.862,2,A4,4.7661,pre
20190723,H1_T4,Amb.7.8,sample,6.388,2,A4,4.7661,pre
20190723,H1_T4,Amb.7.8,sample,8.54,2,A5,4.5577,pre
20190723,H1_T4,Amb.7.8,sample,6.054,2,A5,4.5577,pre
20190723,H1_T4,Amb.7.8,sample,7.078,2,A5,4.5577,pre
20190723,H1_T2,Amb.7.8,sample,5.032,2,A6,4.73,pre
20190723,H1_T2,Amb.7.8,sample,5.92,2,A6,4.73,pre
20190723,H1_T2,Amb.7.8,sample,5.627,2,A6,4.73,pre
20190723,H1_T6,Amb.7.8,sample,6.978,2,B1,4.6298,pre
20190723,H1_T6,Amb.7.8,sample,7.421,2,B1,4.6298,pre
20190723,H1_T6,Amb.7.8,sample,6.676,2,B1,4.6298,pre
20190723,NA,Amb.7.8,Blank,NA,2,B2,4.8254,pre
20190723,H1_T4,Amb.7.8,sample,6.118,2,B3,4.5942,pre
20190723,H1_T4,Amb.7.8,sample,7.064,2,B3,4.5942,pre
20190723,H1_T4,Amb.7.8,sample,6.256,2,B3,4.5942,pre
20190723,H1_T2,Amb.7.8,sample,5.889,2,B4,4.6929,pre
20190723,H1_T2,Amb.7.8,sample,5.109,2,B4,4.6929,pre
20190723,H1_T2,Amb.7.8,sample,6.257,2,B4,4.6929,pre
20190723,H1_T2,Amb.7.8,sample,6.855,2,B5,4.712,pre
20190723,H1_T2,Amb.7.8,sample,6.583,2,B5,4.712,pre
20190723,H1_T2,Amb.7.8,sample,5.82,2,B5,4.712,pre
20190723,H1_T4,Amb.7.8,sample,7.62,2,B6,4.6584,pre
20190723,H1_T4,Amb.7.8,sample,7.218,2,B6,4.6584,pre
20190723,H1_T4,Amb.7.8,sample,5.84,2,B6,4.6584,pre
20190723,NA,Amb.7.8,Blank,NA,2,C1,4.7883,pre
20190723,H1_T6,Amb.7.8,sample,9.171,2,C2,4.5272,pre
20190723,H1_T6,Amb.7.8,sample,7.301,2,C2,4.5272,pre
20190723,H1_T6,Amb.7.8,sample,6.846,2,C2,4.5272,pre
20190723,H1_T6,Amb.7.8,sample,8.184,2,C3,4.4933,pre
20190723,H1_T6,Amb.7.8,sample,7.54,2,C3,4.4933,pre
20190723,H1_T6,Amb.7.8,sample,6.472,2,C3,4.4933,pre
20190723,H1_T8,Amb.7.8,sample,7.332,2,C4,4.7175,pre
20190723,H1_T8,Amb.7.8,sample,6.677,2,C4,4.7175,pre
20190723,H1_T8,Amb.7.8,sample,7.293,2,C4,4.7175,pre
20190723,H1_T8,Amb.7.8,sample,7.357,2,C5,4.5832,pre
20190723,H1_T8,Amb.7.8,sample,7.184,2,C5,4.5832,pre
20190723,H1_T8,Amb.7.8,sample,6.316,2,C5,4.5832,pre
20190723,H1_T4,Amb.7.8,sample,6.751,2,C6,4.6413,pre
20190723,H1_T4,Amb.7.8,sample,6.521,2,C6,4.6413,pre
20190723,H1_T4,Amb.7.8,sample,6.845,2,C6,4.6413,pre
20190723,H1_T6,Amb.7.8,sample,7.163,2,D1,4.4493,pre
20190723,H1_T6,Amb.7.8,sample,6.763,2,D1,4.4493,pre
20190723,H1_T6,Amb.7.8,sample,9.221,2,D1,4.4493,pre
20190723,NA,Amb.7.8,Blank,NA,2,D2,4.8778,pre
20190723,H1_T8,Amb.7.8,sample,8.239,2,D3,4.5274,pre
20190723,H1_T8,Amb.7.8,sample,7.807,2,D3,4.5274,pre
20190723,H1_T8,Amb.7.8,sample,7.521,2,D3,4.5274,pre
20190723,H1_T6,Amb.7.8,sample,7.264,2,D4,4.5789,pre
20190723,H1_T6,Amb.7.8,sample,5.636,2,D4,4.5789,pre
20190723,H1_T6,Amb.7.8,sample,7.575,2,D4,4.5789,pre
20190723,H1_T8,Amb.7.8,sample,6.584,2,D5,4.5942,pre
20190723,H1_T8,Amb.7.8,sample,7.94,2,D5,4.5942,pre
20190723,H1_T8,Amb.7.8,sample,6.72,2,D5,4.5942,pre
20190723,H1_T8,Amb.7.8,sample,6.902,2,D6,4.6006,pre
20190723,H1_T8,Amb.7.8,sample,8.661,2,D6,4.6006,pre
20190723,H1_T8,Amb.7.8,sample,7.226,2,D6,4.6006,pre
20190725,17,Sev.7.0,sample,6.759,1,A1,4.2967,DAY1
20190725,17,Sev.7.0,sample,9.194,1,A1,4.2967,DAY1
20190725,17,Sev.7.0,sample,9.622,1,A1,4.2967,DAY1
20190725,6,Mod.7.3,sample,10.739,1,A2,4.2773,DAY1
20190725,6,Mod.7.3,sample,7.482,1,A2,4.2773,DAY1
20190725,6,Mod.7.3,sample,7.412,1,A2,4.2773,DAY1
20190725,15,Sev.7.0,sample,7.487,1,A3,4.5931,DAY1
20190725,15,Sev.7.0,sample,6.692,1,A3,4.5931,DAY1
20190725,15,Sev.7.0,sample,6.108,1,A3,4.5931,DAY1
20190725,28,Amb.7.8,sample,8.187,1,A4,4.5143,DAY1
20190725,28,Amb.7.8,sample,6.662,1,A4,4.5143,DAY1
20190725,28,Amb.7.8,sample,7.334,1,A4,4.5143,DAY1
20190725,30,Amb.7.8,sample,5.054,1,A5,4.508,DAY1
20190725,30,Amb.7.8,sample,9.323,1,A5,4.508,DAY1
20190725,30,Amb.7.8,sample,6.141,1,A5,4.508,DAY1
20190725,18,Sev.7.0,sample,6.797,1,A6,4.464,DAY1
20190725,18,Sev.7.0,sample,5.626,1,A6,4.464,DAY1
20190725,18,Sev.7.0,sample,8.777,1,A6,4.464,DAY1
20190725,13,Sev.7.0,sample,6.345,1,B1,4.5461,DAY1
20190725,13,Sev.7.0,sample,8.56,1,B1,4.5461,DAY1
20190725,13,Sev.7.0,sample,7.145,1,B1,4.5461,DAY1
20190725,26,Amb.7.8,sample,6.388,1,B2,4.4891,DAY1
20190725,26,Amb.7.8,sample,9.208,1,B2,4.4891,DAY1
20190725,26,Amb.7.8,sample,6.72,1,B2,4.4891,DAY1
20190725,2,Mod.7.3,sample,8.052,1,B3,4.4925,DAY1
20190725,2,Mod.7.3,sample,5.743,1,B3,4.4925,DAY1
20190725,2,Mod.7.3,sample,7.566,1,B3,4.4925,DAY1
20190725,27,Amb.7.8,sample,9.063,1,B4,4.4582,DAY1
20190725,27,Amb.7.8,sample,6.802,1,B4,4.4582,DAY1
20190725,27,Amb.7.8,sample,6.983,1,B4,4.4582,DAY1
20190725,4,Mod.7.3,sample,6.208,1,B5,4.4504,DAY1
20190725,4,Mod.7.3,sample,7.903,1,B5,4.4504,DAY1
20190725,4,Mod.7.3,sample,6.574,1,B5,4.4504,DAY1
20190725,29,Amb.7.8,sample,8.27,1,B6,4.3178,DAY1
20190725,29,Amb.7.8,sample,8.07,1,B6,4.3178,DAY1
20190725,29,Amb.7.8,sample,7.032,1,B6,4.3178,DAY1
20190725,NA,Mod.7.3,Blank,NA,1,C1,4.8729,DAY1
20190725,3,Mod.7.3,sample,9.463,1,C2,4.2737,DAY1
20190725,3,Mod.7.3,sample,5.889,1,C2,4.2737,DAY1
20190725,3,Mod.7.3,sample,7.895,1,C2,4.2737,DAY1
20190725,NA,Mod.7.3,Blank,NA,1,C3,4.8469,DAY1
20190725,16,Sev.7.0,sample,7.707,1,C4,4.6469,DAY1
20190725,16,Sev.7.0,sample,6.874,1,C4,4.6469,DAY1
20190725,16,Sev.7.0,sample,7.367,1,C4,4.6469,DAY1
20190725,NA,Amb.7.8,Blank,NA,1,C5,4.9507,DAY1
20190725,NA,Sev.7.0,Blank,NA,1,C6,4.9439,DAY1
20190725,1,Mod.7.3,sample,7.879,1,D1,4.5077,DAY1
20190725,1,Mod.7.3,sample,7.699,1,D1,4.5077,DAY1
20190725,1,Mod.7.3,sample,6.608,1,D1,4.5077,DAY1
20190725,14,Sev.7.0,sample,6.907,1,D2,4.5227,DAY1
20190725,14,Sev.7.0,sample,6.547,1,D2,4.5227,DAY1
20190725,14,Sev.7.0,sample,7.708,1,D2,4.5227,DAY1
20190725,4,Mod.7.3,sample,7.003,1,D3,4.5518,DAY1
20190725,4,Mod.7.3,sample,7.665,1,D3,4.5518,DAY1
20190725,4,Mod.7.3,sample,7.095,1,D3,4.5518,DAY1
20190725,NA,Amb.7.8,Blank,NA,1,D4,4.8474,DAY1
20190725,25,Amb.7.8,sample,5.706,1,D5,4.5242,DAY1
20190725,25,Amb.7.8,sample,8.834,1,D5,4.5242,DAY1
20190725,25,Amb.7.8,sample,7.702,1,D5,4.5242,DAY1
20190725,NA,Sev.7.0,Blank,NA,1,D6,4.855,DAY1
20190725,NA,Sev.7.0,Blank,NA,2,A1,4.8599,DAY1
20190725,34,Amb.7.8,sample,7.924,2,A2,4.5677,DAY1
20190725,34,Amb.7.8,sample,8.304,2,A2,4.5677,DAY1
20190725,34,Amb.7.8,sample,6.769,2,A2,4.5677,DAY1
20190725,11,Mod.7.3,sample,7.644,2,A3,4.6315,DAY1
20190725,11,Mod.7.3,sample,5.868,2,A3,4.6315,DAY1
20190725,11,Mod.7.3,sample,7.79,2,A3,4.6315,DAY1
20190725,35,Amb.7.8,sample,5.849,2,A4,4.4549,DAY1
20190725,35,Amb.7.8,sample,6.767,2,A4,4.4549,DAY1
20190725,35,Amb.7.8,sample,8.085,2,A4,4.4549,DAY1
20190725,22,Sev.7.0,sample,9.404,2,A5,4.4551,DAY1
20190725,22,Sev.7.0,sample,5.868,2,A5,4.4551,DAY1
20190725,22,Sev.7.0,sample,6.263,2,A5,4.4551,DAY1
20190725,NA,Mod.7.3,Blank,NA,2,A6,4.8998,DAY1
20190725,12,Mod.7.3,sample,8.58,2,B1,4.6116,DAY1
20190725,12,Mod.7.3,sample,6.635,2,B1,4.6116,DAY1
20190725,12,Mod.7.3,sample,6.286,2,B1,4.6116,DAY1
20190725,20,Sev.7.0,sample,7.272,2,B2,4.5312,DAY1
20190725,20,Sev.7.0,sample,6.59,2,B2,4.5312,DAY1
20190725,20,Sev.7.0,sample,6.359,2,B2,4.5312,DAY1
20190725,8,Mod.7.3,sample,6.782,2,B3,4.3003,DAY1
20190725,8,Mod.7.3,sample,7.03,2,B3,4.3003,DAY1
20190725,8,Mod.7.3,sample,8.078,2,B3,4.3003,DAY1
20190725,31,Amb.7.8,sample,6.86,2,B4,4.4073,DAY1
20190725,31,Amb.7.8,sample,7.452,2,B4,4.4073,DAY1
20190725,31,Amb.7.8,sample,6.466,2,B4,4.4073,DAY1
20190725,10,Mod.7.3,sample,7.314,2,B5,4.6076,DAY1
20190725,10,Mod.7.3,sample,7.227,2,B5,4.6076,DAY1
20190725,10,Mod.7.3,sample,6.488,2,B5,4.6076,DAY1
20190725,NA,Amb.7.8,Blank,NA,2,B6,4.9232,DAY1
20190725,21,Sev.7.0,sample,8.231,2,C1,4.4674,DAY1
20190725,21,Sev.7.0,sample,8.003,2,C1,4.4674,DAY1
20190725,21,Sev.7.0,sample,6.685,2,C1,4.4674,DAY1
20190725,19,Sev.7.0,sample,5.768,2,C2,4.5553,DAY1
20190725,19,Sev.7.0,sample,8.043,2,C2,4.5553,DAY1
20190725,19,Sev.7.0,sample,7.52,2,C2,4.5553,DAY1
20190725,32,Amb.7.8,sample,6.927,2,C3,4.5769,DAY1
20190725,32,Amb.7.8,sample,6.121,2,C3,4.5769,DAY1
20190725,32,Amb.7.8,sample,8.755,2,C3,4.5769,DAY1
20190725,24,Sev.7.0,sample,6.505,2,C4,4.5971,DAY1
20190725,24,Sev.7.0,sample,6.233,2,C4,4.5971,DAY1
20190725,24,Sev.7.0,sample,7.217,2,C4,4.5971,DAY1
20190725,33,Amb.7.8,sample,7.508,2,C5,4.523,DAY1
20190725,33,Amb.7.8,sample,7.392,2,C5,4.523,DAY1
20190725,33,Amb.7.8,sample,5.707,2,C5,4.523,DAY1
20190725,7,Mod.7.3,sample,8.147,2,C6,4.497,DAY1
20190725,7,Mod.7.3,sample,6.805,2,C6,4.497,DAY1
20190725,7,Mod.7.3,sample,8.215,2,C6,4.497,DAY1
20190725,NA,Sev.7.0,Blank,NA,2,D1,4.852,DAY1
20190725,NA,Mod.7.3,Blank,NA,2,D2,4.8846,DAY1
20190725,NA,Amb.7.8,Blank,NA,2,D3,4.8316,DAY1
20190725,9,Mod.7.3,sample,7.316,2,D4,4.3762,DAY1
20190725,9,Mod.7.3,sample,9.094,2,D4,4.3762,DAY1
20190725,9,Mod.7.3,sample,7.272,2,D4,4.3762,DAY1
20190725,36,Amb.7.8,sample,8.671,2,D5,4.3972,DAY1
20190725,36,Amb.7.8,sample,8.52,2,D5,4.3972,DAY1
20190725,36,Amb.7.8,sample,7.058,2,D5,4.3972,DAY1
20190725,23,Sev.7.0,sample,7.082,2,D6,4.347,DAY1
20190725,23,Sev.7.0,sample,8.286,2,D6,4.347,DAY1
20190725,23,Sev.7.0,sample,9.26,2,D6,4.347,DAY1
20190728,14,Sev.7.0,sample,7.184,1,A1,4.6119,DAY4
20190728,14,Sev.7.0,sample,7.448,1,A1,4.6119,DAY4
20190728,14,Sev.7.0,sample,7.206,1,A1,4.6119,DAY4
20190728,3,Mod.7.3,sample,7.904,1,A2,4.4834,DAY4
20190728,3,Mod.7.3,sample,6.731,1,A2,4.4834,DAY4
20190728,3,Mod.7.3,sample,6.832,1,A2,4.4834,DAY4
20190728,NA,Sev.7.0,Blank,NA,1,A3,4.8073,DAY4
20190728,6,Mod.7.3,sample,8.171,1,A4,4.5071,DAY4
20190728,6,Mod.7.3,sample,7.79,1,A4,4.5071,DAY4
20190728,6,Mod.7.3,sample,6.229,1,A4,4.5071,DAY4
20190728,27,Amb.7.8,sample,7.952,1,A5,4.363,DAY4
20190728,27,Amb.7.8,sample,7.997,1,A5,4.363,DAY4
20190728,27,Amb.7.8,sample,8.547,1,A5,4.363,DAY4
20190728,15,Sev.7.0,sample,8.412,1,A6,4.427,DAY4
20190728,15,Sev.7.0,sample,8.24,1,A6,4.427,DAY4
20190728,15,Sev.7.0,sample,6.667,1,A6,4.427,DAY4
20190728,5,Mod.7.3,sample,7.843,1,B1,4.3155,DAY4
20190728,5,Mod.7.3,sample,7.72,1,B1,4.3155,DAY4
20190728,5,Mod.7.3,sample,7.224,1,B1,4.3155,DAY4
20190728,NA,Sev.7.0,Blank,NA,1,B2,4.8242,DAY4
20190728,17,Sev.7.0,sample,8.569,1,B3,4.3279,DAY4
20190728,17,Sev.7.0,sample,8.251,1,B3,4.3279,DAY4
20190728,17,Sev.7.0,sample,6.934,1,B3,4.3279,DAY4
20190728,NA,Amb.7.8,Blank,NA,1,B4,4.8203,DAY4
20190728,4,Mod.7.3,sample,5.336,1,B5,4.6267,DAY4
20190728,4,Mod.7.3,sample,7.843,1,B5,4.6267,DAY4
20190728,4,Mod.7.3,sample,7.102,1,B5,4.6267,DAY4
20190728,16,Sev.7.0,sample,6.022,1,B6,4.4423,DAY4
20190728,16,Sev.7.0,sample,7.995,1,B6,4.4423,DAY4
20190728,16,Sev.7.0,sample,7.436,1,B6,4.4423,DAY4
20190728,18,Sev.7.0,sample,8.239,1,C1,4.4373,DAY4
20190728,18,Sev.7.0,sample,6.68,1,C1,4.4373,DAY4
20190728,18,Sev.7.0,sample,7.746,1,C1,4.4373,DAY4
20190728,26,Amb.7.8,sample,7.087,1,C2,4.5248,DAY4
20190728,26,Amb.7.8,sample,7.682,1,C2,4.5248,DAY4
20190728,26,Amb.7.8,sample,6.733,1,C2,4.5248,DAY4
20190728,2,Mod.7.3,sample,7.547,1,C3,4.3115,DAY4
20190728,2,Mod.7.3,sample,7.698,1,C3,4.3115,DAY4
20190728,2,Mod.7.3,sample,7.81,1,C3,4.3115,DAY4
20190728,28,Amb.7.8,sample,8.246,1,C4,4.2635,DAY4
20190728,28,Amb.7.8,sample,8.894,1,C4,4.2635,DAY4
20190728,28,Amb.7.8,sample,6.796,1,C4,4.2635,DAY4
20190728,NA,Amb.7.8,Blank,NA,1,C5,4.8264,DAY4
20190728,NA,Mod.7.3,Blank,NA,1,C6,4.8911,DAY4
20190728,1,Mod.7.3,sample,8.234,1,D1,4.3335,DAY4
20190728,1,Mod.7.3,sample,6.767,1,D1,4.3335,DAY4
20190728,1,Mod.7.3,sample,7.834,1,D1,4.3335,DAY4
20190728,13,Sev.7.0,sample,6.718,1,D2,4.5239,DAY4
20190728,13,Sev.7.0,sample,7.874,1,D2,4.5239,DAY4
20190728,13,Sev.7.0,sample,6.94,1,D2,4.5239,DAY4
20190728,29,Amb.7.8,sample,7.445,1,D3,4.3743,DAY4
20190728,29,Amb.7.8,sample,7.297,1,D3,4.3743,DAY4
20190728,29,Amb.7.8,sample,7.404,1,D3,4.3743,DAY4
20190728,30,Amb.7.8,sample,6.22,1,D4,4.5983,DAY4
20190728,30,Amb.7.8,sample,7.806,1,D4,4.5983,DAY4
20190728,30,Amb.7.8,sample,7.044,1,D4,4.5983,DAY4
20190728,NA,Mod.7.3,Blank,NA,1,D5,4.8129,DAY4
20190728,25,Amb.7.8,sample,6.96,1,D6,4.4386,DAY4
20190728,25,Amb.7.8,sample,8.432,1,D6,4.4386,DAY4
20190728,25,Amb.7.8,sample,6.252,1,D6,4.4386,DAY4
20190728,8,Mod.7.3,sample,7.606,2,A1,4.2929,DAY4
20190728,8,Mod.7.3,sample,7.617,2,A1,4.2929,DAY4
20190728,8,Mod.7.3,sample,9.515,2,A1,4.2929,DAY4
20190728,24,Sev.7.0,sample,7.968,2,A2,4.3588,DAY4
20190728,24,Sev.7.0,sample,7.374,2,A2,4.3588,DAY4
20190728,24,Sev.7.0,sample,8.137,2,A2,4.3588,DAY4
20190728,21,Sev.7.0,sample,7.809,2,A3,4.4993,DAY4
20190728,21,Sev.7.0,sample,8.047,2,A3,4.4993,DAY4
20190728,21,Sev.7.0,sample,7.514,2,A3,4.4993,DAY4
20190728,9,Mod.7.3,sample,6.954,2,A4,4.4709,DAY4
20190728,9,Mod.7.3,sample,8.686,2,A4,4.4709,DAY4
20190728,9,Mod.7.3,sample,8.219,2,A4,4.4709,DAY4
20190728,33,Amb.7.8,sample,7.194,2,A5,4.5752,DAY4
20190728,33,Amb.7.8,sample,8.208,2,A5,4.5752,DAY4
20190728,33,Amb.7.8,sample,6.241,2,A5,4.5752,DAY4
20190728,NA,Mod.7.3,Blank,NA,2,A6,4.8392,DAY4
20190728,10,Mod.7.3,sample,5.881,2,B1,4.4591,DAY4
20190728,10,Mod.7.3,sample,8.785,2,B1,4.4591,DAY4
20190728,10,Mod.7.3,sample,7.477,2,B1,4.4591,DAY4
20190728,35,Amb.7.8,sample,7.578,2,B2,4.556,DAY4
20190728,35,Amb.7.8,sample,8.019,2,B2,4.556,DAY4
20190728,35,Amb.7.8,sample,5.87,2,B2,4.556,DAY4
20190728,12,Mod.7.3,sample,6.744,2,B3,4.5531,DAY4
20190728,12,Mod.7.3,sample,7.618,2,B3,4.5531,DAY4
20190728,12,Mod.7.3,sample,6.81,2,B3,4.5531,DAY4
20190728,36,Amb.7.8,sample,7.782,2,B4,4.4097,DAY4
20190728,36,Amb.7.8,sample,7.624,2,B4,4.4097,DAY4
20190728,36,Amb.7.8,sample,8.082,2,B4,4.4097,DAY4
20190728,20,Sev.7.0,sample,6.969,2,B5,4.4332,DAY4
20190728,20,Sev.7.0,sample,6.969,2,B5,4.4332,DAY4
20190728,20,Sev.7.0,sample,7.65,2,B5,4.4332,DAY4
20190728,NA,Mod.7.3,Blank,NA,2,B6,4.8665,DAY4
20190728,NA,Sev.7.0,Blank,NA,2,C1,4.9062,DAY4
20190728,22,Sev.7.0,sample,7.89,2,C2,4.4505,DAY4
20190728,22,Sev.7.0,sample,8.186,2,C2,4.4505,DAY4
20190728,22,Sev.7.0,sample,6.506,2,C2,4.4505,DAY4
20190728,32,Amb.7.8,sample,10.541,2,C3,4.4171,DAY4
20190728,32,Amb.7.8,sample,6.538,2,C3,4.4171,DAY4
20190728,32,Amb.7.8,sample,5.56,2,C3,4.4171,DAY4
20190728,NA,Sev.7.0,Blank,NA,2,C4,4.8998,DAY4
20190728,NA,Amb.7.8,Blank,NA,2,C5,4.9346,DAY4
20190728,7,Mod.7.3,sample,8.923,2,C6,4.2589,DAY4
20190728,7,Mod.7.3,sample,7.712,2,C6,4.2589,DAY4
20190728,7,Mod.7.3,sample,7.978,2,C6,4.2589,DAY4
20190728,19,Sev.7.0,sample,6.611,2,D1,4.3368,DAY4
20190728,19,Sev.7.0,sample,7.295,2,D1,4.3368,DAY4
20190728,19,Sev.7.0,sample,10.299,2,D1,4.3368,DAY4
20190728,34,Amb.7.8,sample,8.262,2,D2,4.4921,DAY4
20190728,34,Amb.7.8,sample,7.302,2,D2,4.4921,DAY4
20190728,34,Amb.7.8,sample,7.091,2,D2,4.4921,DAY4
20190728,11,Mod.7.3,sample,8.143,2,D3,4.5016,DAY4
20190728,11,Mod.7.3,sample,6.927,2,D3,4.5016,DAY4
20190728,11,Mod.7.3,sample,6.751,2,D3,4.5016,DAY4
20190728,NA,Amb.7.8,Blank,NA,2,D4,4.8783,DAY4
20190728,23,Sev.7.0,sample,5.95,2,D5,4.4814,DAY4
20190728,23,Sev.7.0,sample,6.795,2,D5,4.4814,DAY4
20190728,23,Sev.7.0,sample,7.684,2,D5,4.4814,DAY4
20190728,31,Amb.7.8,sample,8.295,2,D6,4.4005,DAY4
20190728,31,Amb.7.8,sample,7.604,2,D6,4.4005,DAY4
20190728,31,Amb.7.8,sample,8.184,2,D6,4.4005,DAY4
20190731,4,Mod.7.3,sample,6.007,1,A1,4.5583,DAY7
20190731,4,Mod.7.3,sample,6.677,1,A1,4.5583,DAY7
20190731,4,Mod.7.3,sample,7.5,1,A1,4.5583,DAY7
20190731,NA,Sev.7.0,Blank,NA,1,A2,4.9287,DAY7
20190731,14,Sev.7.0,sample,7.398,1,A3,4.6358,DAY7
20190731,14,Sev.7.0,sample,5.938,1,A3,4.6358,DAY7
20190731,14,Sev.7.0,sample,6.657,1,A3,4.6358,DAY7
20190731,16,Sev.7.0,sample,7.018,1,A4,4.5973,DAY7
20190731,16,Sev.7.0,sample,7.082,1,A4,4.5973,DAY7
20190731,16,Sev.7.0,sample,7.783,1,A4,4.5973,DAY7
20190731,26,Amb.7.8,sample,6.251,1,A5,4.6214,DAY7
20190731,26,Amb.7.8,sample,6.649,1,A5,4.6214,DAY7
20190731,26,Amb.7.8,sample,7.814,1,A5,4.6214,DAY7
20190731,NA,Mod.7.3,Blank,NA,1,A6,4.9076,DAY7
20190731,15,Sev.7.0,sample,7.606,1,B1,4.5999,DAY7
20190731,15,Sev.7.0,sample,8.238,1,B1,4.5999,DAY7
20190731,15,Sev.7.0,sample,5.717,1,B1,4.5999,DAY7
20190731,NA,Sev.7.0,Blank,NA,1,B2,4.8509,DAY7
20190731,1,Mod.7.3,sample,6.084,1,B3,4.6306,DAY7
20190731,1,Mod.7.3,sample,8.454,1,B3,4.6306,DAY7
20190731,1,Mod.7.3,sample,6.88,1,B3,4.6306,DAY7
20190731,28,Amb.7.8,sample,7.461,1,B4,4.5197,DAY7
20190731,28,Amb.7.8,sample,6.935,1,B4,4.5197,DAY7
20190731,28,Amb.7.8,sample,6.854,1,B4,4.5197,DAY7
20190731,5,Mod.7.3,sample,6.986,1,B5,4.5991,DAY7
20190731,5,Mod.7.3,sample,6.141,1,B5,4.5991,DAY7
20190731,5,Mod.7.3,sample,6.437,1,B5,4.5991,DAY7
20190731,NA,Mod.7.3,Blank,NA,1,B6,4.8213,DAY7
20190731,6,Mod.7.3,sample,7.521,1,C1,4.5542,DAY7
20190731,6,Mod.7.3,sample,7.354,1,C1,4.5542,DAY7
20190731,6,Mod.7.3,sample,7.547,1,C1,4.5542,DAY7
20190731,NA,Amb.7.8,Blank,NA,1,C2,4.8837,DAY7
20190731,27,Amb.7.8,sample,9.323,1,C3,4.3656,DAY7
20190731,27,Amb.7.8,sample,7.508,1,C3,4.3656,DAY7
20190731,27,Amb.7.8,sample,7.73,1,C3,4.3656,DAY7
20190731,18,Sev.7.0,sample,5.741,1,C4,4.5839,DAY7
20190731,18,Sev.7.0,sample,7.686,1,C4,4.5839,DAY7
20190731,18,Sev.7.0,sample,6.972,1,C4,4.5839,DAY7
20190731,30,Amb.7.8,sample,7.396,1,C5,4.6133,DAY7
20190731,30,Amb.7.8,sample,6.763,1,C5,4.6133,DAY7
20190731,30,Amb.7.8,sample,7.319,1,C5,4.6133,DAY7
20190731,17,Sev.7.0,sample,6.415,1,C6,4.3077,DAY7
20190731,17,Sev.7.0,sample,6.975,1,C6,4.3077,DAY7
20190731,17,Sev.7.0,sample,9.519,1,C6,4.3077,DAY7
20190731,25,Amb.7.8,sample,7.504,1,D1,4.5262,DAY7
20190731,25,Amb.7.8,sample,7.938,1,D1,4.5262,DAY7
20190731,25,Amb.7.8,sample,6.972,1,D1,4.5262,DAY7
20190731,29,Amb.7.8,sample,6.599,1,D2,4.5722,DAY7
20190731,29,Amb.7.8,sample,7.396,1,D2,4.5722,DAY7
20190731,29,Amb.7.8,sample,6.439,1,D2,4.5722,DAY7
20190731,2,Mod.7.3,sample,7.274,1,D3,4.6506,DAY7
20190731,2,Mod.7.3,sample,6.303,1,D3,4.6506,DAY7
20190731,2,Mod.7.3,sample,8.18,1,D3,4.6506,DAY7
20190731,13,Sev.7.0,sample,8.702,1,D4,4.5488,DAY7
20190731,13,Sev.7.0,sample,6.254,1,D4,4.5488,DAY7
20190731,13,Sev.7.0,sample,7.224,1,D4,4.5488,DAY7
20190731,NA,Amb.7.8,Blank,NA,1,D5,4.9193,DAY7
20190731,3,Mod.7.3,sample,6.736,1,D6,4.5016,DAY7
20190731,3,Mod.7.3,sample,7.027,1,D6,4.5016,DAY7
20190731,3,Mod.7.3,sample,8.361,1,D6,4.5016,DAY7
20190731,NA,Mod.7.3,Blank,NA,2,A1,4.9465,DAY7
20190731,31,Amb.7.8,sample,6.954,2,A2,4.5417,DAY7
20190731,31,Amb.7.8,sample,7.289,2,A2,4.5417,DAY7
20190731,31,Amb.7.8,sample,7.049,2,A2,4.5417,DAY7
20190731,10,Mod.7.3,sample,7.763,2,A3,4.6052,DAY7
20190731,10,Mod.7.3,sample,6.853,2,A3,4.6052,DAY7
20190731,10,Mod.7.3,sample,6.027,2,A3,4.6052,DAY7
20190731,NA,Amb.7.8,Blank,NA,2,A4,4.9255,DAY7
20190731,NA,Sev.7.0,Blank,NA,2,A5,4.8922,DAY7
20190731,19,Sev.7.0,sample,6.948,2,A6,4.5127,DAY7
20190731,19,Sev.7.0,sample,6.379,2,A6,4.5127,DAY7
20190731,19,Sev.7.0,sample,7.904,2,A6,4.5127,DAY7
20190731,7,Mod.7.3,sample,7.093,2,B1,4.6212,DAY7
20190731,7,Mod.7.3,sample,6.689,2,B1,4.6212,DAY7
20190731,7,Mod.7.3,sample,7.423,2,B1,4.6212,DAY7
20190731,20,Sev.7.0,sample,7.636,2,B2,4.4255,DAY7
20190731,20,Sev.7.0,sample,8.202,2,B2,4.4255,DAY7
20190731,20,Sev.7.0,sample,7.284,2,B2,4.4255,DAY7
20190731,NA,Sev.7.0,Blank,NA,2,B3,4.9068,DAY7
20190731,NA,Mod.7.3,Blank,NA,2,B4,5.045,DAY7
20190731,24,Sev.7.0,sample,7.118,2,B5,4.5333,DAY7
20190731,24,Sev.7.0,sample,6.809,2,B5,4.5333,DAY7
20190731,24,Sev.7.0,sample,7.018,2,B5,4.5333,DAY7
20190731,8,Mod.7.3,sample,6.413,2,B6,4.3634,DAY7
20190731,8,Mod.7.3,sample,8.627,2,B6,4.3634,DAY7
20190731,8,Mod.7.3,sample,7.772,2,B6,4.3634,DAY7
20190731,35,Amb.7.8,sample,7.92,2,C1,4.5105,DAY7
20190731,35,Amb.7.8,sample,5.455,2,C1,4.5105,DAY7
20190731,35,Amb.7.8,sample,7.812,2,C1,4.5105,DAY7
20190731,23,Sev.7.0,sample,7.932,2,C2,4.344,DAY7
20190731,23,Sev.7.0,sample,7.467,2,C2,4.344,DAY7
20190731,23,Sev.7.0,sample,6.858,2,C2,4.344,DAY7
20190731,12,Mod.7.3,sample,7.265,2,C3,4.4248,DAY7
20190731,12,Mod.7.3,sample,9.502,2,C3,4.4248,DAY7
20190731,12,Mod.7.3,sample,7.778,2,C3,4.4248,DAY7
20190731,11,Mod.7.3,sample,5.821,2,C4,4.5568,DAY7
20190731,11,Mod.7.3,sample,8.006,2,C4,4.5568,DAY7
20190731,11,Mod.7.3,sample,8.049,2,C4,4.5568,DAY7
20190731,32,Sev.7.0,sample,7.192,2,C5,4.5527,DAY7
20190731,32,Sev.7.0,sample,8.312,2,C5,4.5527,DAY7
20190731,32,Sev.7.0,sample,6.07,2,C5,4.5527,DAY7
20190731,NA,Amb.7.8,Blank,NA,2,C6,4.9076,DAY7
20190731,9,Mod.7.3,sample,7.033,2,D1,4.6723,DAY7
20190731,9,Mod.7.3,sample,6.906,2,D1,4.6723,DAY7
20190731,9,Mod.7.3,sample,7.143,2,D1,4.6723,DAY7
20190731,33,Amb.7.8,sample,5.92,2,D2,4.6841,DAY7
20190731,33,Amb.7.8,sample,5.221,2,D2,4.6841,DAY7
20190731,33,Amb.7.8,sample,8.094,2,D2,4.6841,DAY7
20190731,22,Sev.7.0,sample,7.978,2,D3,4.6293,DAY7
20190731,22,Sev.7.0,sample,6.779,2,D3,4.6293,DAY7
20190731,22,Sev.7.0,sample,6.335,2,D3,4.6293,DAY7
20190731,34,Amb.7.8,sample,7.73,2,D4,4.7221,DAY7
20190731,34,Amb.7.8,sample,6.294,2,D4,4.7221,DAY7
20190731,34,Amb.7.8,sample,6.888,2,D4,4.7221,DAY7
20190731,21,Sev.7.0,sample,9.36,2,D5,4.3855,DAY7
20190731,21,Sev.7.0,sample,6.808,2,D5,4.3855,DAY7
20190731,21,Sev.7.0,sample,7.094,2,D5,4.3855,DAY7
20190731,36,Amb.7.8,sample,7.19,2,D6,4.7025,DAY7
20190731,36,Amb.7.8,sample,6.934,2,D6,4.7025,DAY7
20190731,36,Amb.7.8,sample,6.35,2,D6,4.7025,DAY7
20190801,5,Mod.7.3,sample,7.374,1,A1,4.548,DAY8
20190801,5,Mod.7.3,sample,8.031,1,A1,4.548,DAY8
20190801,5,Mod.7.3,sample,7.197,1,A1,4.548,DAY8
20190801,13,Sev.7.0,sample,8.915,1,A2,4.5129,DAY8
20190801,13,Sev.7.0,sample,7.822,1,A2,4.5129,DAY8
20190801,13,Sev.7.0,sample,6.752,1,A2,4.5129,DAY8
20190801,2,Mod.7.3,sample,7.26,1,A3,4.4893,DAY8
20190801,2,Mod.7.3,sample,7.056,1,A3,4.4893,DAY8
20190801,2,Mod.7.3,sample,6.949,1,A3,4.4893,DAY8
20190801,29,Amb.7.8,sample,8.818,1,A4,4.4154,DAY8
20190801,29,Amb.7.8,sample,6.389,1,A4,4.4154,DAY8
20190801,29,Amb.7.8,sample,7.405,1,A4,4.4154,DAY8
20190801,18,Sev.7.0,sample,7.786,1,A5,4.412,DAY8
20190801,18,Sev.7.0,sample,7.504,1,A5,4.412,DAY8
20190801,18,Sev.7.0,sample,7.304,1,A5,4.412,DAY8
20190801,25,Amb.7.8,sample,6.785,1,A6,4.6734,DAY8
20190801,25,Amb.7.8,sample,6.271,1,A6,4.6734,DAY8
20190801,25,Amb.7.8,sample,7.859,1,A6,4.6734,DAY8
20190801,15,Sev.7.0,sample,7.82,1,B1,4.6237,DAY8
20190801,15,Sev.7.0,sample,6.229,1,B1,4.6237,DAY8
20190801,15,Sev.7.0,sample,6.411,1,B1,4.6237,DAY8
20190801,NA,Sev.7.0,Blank,NA,1,B2,4.9808,DAY8
20190801,NA,Mod.7.3,Blank,NA,1,B3,5.008,DAY8
20190801,3,Mod.7.3,sample,6.336,1,B4,4.6474,DAY8
20190801,3,Mod.7.3,sample,6.552,1,B4,4.6474,DAY8
20190801,3,Mod.7.3,sample,7.14,1,B4,4.6474,DAY8
20190801,NA,Mod.7.3,Blank,NA,1,B5,4.8971,DAY8
20190801,14,Sev.7.0,sample,6.635,1,B6,4.699,DAY8
20190801,14,Sev.7.0,sample,6.689,1,B6,4.699,DAY8
20190801,14,Sev.7.0,sample,6.775,1,B6,4.699,DAY8
20190801,1,Mod.7.3,sample,6.316,1,C1,4.5564,DAY8
20190801,1,Mod.7.3,sample,8.006,1,C1,4.5564,DAY8
20190801,1,Mod.7.3,sample,7.07,1,C1,4.5564,DAY8
20190801,NA,Sev.7.0,Blank,NA,1,C2,4.9705,DAY8
20190801,16,Sev.7.0,sample,6.626,1,C3,4.6214,DAY8
20190801,16,Sev.7.0,sample,7.257,1,C3,4.6214,DAY8
20190801,16,Sev.7.0,sample,7.384,1,C3,4.6214,DAY8
20190801,17,Sev.7.0,sample,7.477,1,C4,4.5737,DAY8
20190801,17,Sev.7.0,sample,5.846,1,C4,4.5737,DAY8
20190801,17,Sev.7.0,sample,7.408,1,C4,4.5737,DAY8
20190801,26,Amb.7.8,sample,9.043,1,C5,4.719,DAY8
20190801,26,Amb.7.8,sample,6.308,1,C5,4.719,DAY8
20190801,26,Amb.7.8,sample,5.434,1,C5,4.719,DAY8
20190801,27,Amb.7.8,sample,6.021,1,C6,4.4863,DAY8
20190801,27,Amb.7.8,sample,9.472,1,C6,4.4863,DAY8
20190801,27,Amb.7.8,sample,6.963,1,C6,4.4863,DAY8
20190801,6,Mod.7.3,sample,7.103,1,D1,4.6514,DAY8
20190801,6,Mod.7.3,sample,7.112,1,D1,4.6514,DAY8
20190801,6,Mod.7.3,sample,6.009,1,D1,4.6514,DAY8
20190801,30,Amb.7.8,sample,7.622,1,D2,4.7208,DAY8
20190801,30,Amb.7.8,sample,6.72,1,D2,4.7208,DAY8
20190801,30,Amb.7.8,sample,7.078,1,D2,4.7208,DAY8
20190801,NA,Amb.7.8,Blank,NA,1,D3,4.9582,DAY8
20190801,4,Mod.7.3,sample,6.007,1,D4,4.7398,DAY8
20190801,4,Mod.7.3,sample,7.408,1,D4,4.7398,DAY8
20190801,4,Mod.7.3,sample,7.502,1,D4,4.7398,DAY8
20190801,NA,Amb.7.8,Blank,NA,1,D5,4.9306,DAY8
20190801,28,Amb.7.8,sample,7.274,1,D6,4.6102,DAY8
20190801,28,Amb.7.8,sample,7.024,1,D6,4.6102,DAY8
20190801,28,Amb.7.8,sample,6.455,1,D6,4.6102,DAY8
20190801,7,Mod.7.3,sample,7.274,2,A1,4.5372,DAY8
20190801,7,Mod.7.3,sample,7.024,2,A1,4.5372,DAY8
20190801,7,Mod.7.3,sample,6.455,2,A1,4.5372,DAY8
20190801,NA,Sev.7.0,Blank,NA,2,A2,4.9397,DAY8
20190801,31,Amb.7.8,sample,9.352,2,A3,4.2889,DAY8
20190801,31,Amb.7.8,sample,6.743,2,A3,4.2889,DAY8
20190801,31,Amb.7.8,sample,8.199,2,A3,4.2889,DAY8
20190801,10,Mod.7.3,sample,7.557,2,A4,4.5425,DAY8
20190801,10,Mod.7.3,sample,7.632,2,A4,4.5425,DAY8
20190801,10,Mod.7.3,sample,5.467,2,A4,4.5425,DAY8
20190801,NA,Sev.7.0,Blank,NA,2,A5,4.9402,DAY8
20190801,21,Sev.7.0,sample,6.174,2,A6,4.6102,DAY8
20190801,21,Sev.7.0,sample,7.243,2,A6,4.6102,DAY8
20190801,21,Sev.7.0,sample,8.572,2,A6,4.6102,DAY8
20190801,33,Amb.7.8,sample,8.781,2,B1,4.623,DAY8
20190801,33,Amb.7.8,sample,7.142,2,B1,4.623,DAY8
20190801,33,Amb.7.8,sample,6.831,2,B1,4.623,DAY8
20190801,NA,Mod.7.3,Blank,NA,2,B2,4.897,DAY8
20190801,8,Mod.7.3,sample,8.274,2,B3,4.3847,DAY8
20190801,8,Mod.7.3,sample,7.467,2,B3,4.3847,DAY8
20190801,8,Mod.7.3,sample,7.089,2,B3,4.3847,DAY8
20190801,20,Sev.7.0,sample,7.688,2,B4,4.4316,DAY8
20190801,20,Sev.7.0,sample,7.542,2,B4,4.4316,DAY8
20190801,20,Sev.7.0,sample,7.227,2,B4,4.4316,DAY8
20190801,34,Amb.7.8,sample,7.813,2,B5,4.6153,DAY8
20190801,34,Amb.7.8,sample,6.598,2,B5,4.6153,DAY8
20190801,34,Amb.7.8,sample,6.42,2,B5,4.6153,DAY8
20190801,24,Sev.7.0,sample,6.986,2,B6,4.6458,DAY8
20190801,24,Sev.7.0,sample,6.563,2,B6,4.6458,DAY8
20190801,24,Sev.7.0,sample,7.191,2,B6,4.6458,DAY8
20190801,22,Sev.7.0,sample,6.894,2,C1,4.5315,DAY8
20190801,22,Sev.7.0,sample,7.141,2,C1,4.5315,DAY8
20190801,22,Sev.7.0,sample,6.469,2,C1,4.5315,DAY8
20190801,11,Mod.7.3,sample,6.204,2,C2,4.6715,DAY8
20190801,11,Mod.7.3,sample,5.687,2,C2,4.6715,DAY8
20190801,11,Mod.7.3,sample,7.666,2,C2,4.6715,DAY8
20190801,35,Amb.7.8,sample,5.514,2,C3,4.3255,DAY8
20190801,35,Amb.7.8,sample,8.2,2,C3,4.3255,DAY8
20190801,35,Amb.7.8,sample,8.165,2,C3,4.3255,DAY8
20190801,12,Mod.7.3,sample,8.381,2,C4,4.6,DAY8
20190801,12,Mod.7.3,sample,5.757,2,C4,4.6,DAY8
20190801,12,Mod.7.3,sample,5.393,2,C4,4.6,DAY8
20190801,9,Mod.7.3,sample,8.685,2,C5,4.4255,DAY8
20190801,9,Mod.7.3,sample,6.963,2,C5,4.4255,DAY8
20190801,9,Mod.7.3,sample,8.018,2,C5,4.4255,DAY8
20190801,NA,Amb.7.8,Blank,NA,2,C6,4.9453,DAY8
20190801,NA,Mod.7.3,Blank,NA,2,D1,4.8505,DAY8
20190801,19,Sev.7.0,sample,7.163,2,D2,4.5171,DAY8
20190801,19,Sev.7.0,sample,6.911,2,D2,4.5171,DAY8
20190801,19,Sev.7.0,sample,8.398,2,D2,4.5171,DAY8
20190801,36,Amb.7.8,sample,6.779,2,D3,4.5398,DAY8
20190801,36,Amb.7.8,sample,7.962,2,D3,4.5398,DAY8
20190801,36,Amb.7.8,sample,7.444,2,D3,4.5398,DAY8
20190801,23,Sev.7.0,sample,6.603,2,D4,4.546,DAY8
20190801,23,Sev.7.0,sample,6.885,2,D4,4.546,DAY8
20190801,23,Sev.7.0,sample,6.147,2,D4,4.546,DAY8
20190801,NA,Amb.7.8,Blank,NA,2,D5,4.9105,DAY8
20190801,31,Amb.7.8,sample,7.59,2,D6,4.6174,DAY8
20190801,31,Amb.7.8,sample,7.972,2,D6,4.6174,DAY8
20190801,31,Amb.7.8,sample,6.362,2,D6,4.6174,DAY8
20190804,14,Sev.7.0,sample,7.588,1,A1,4.5386,DAY11
20190804,14,Sev.7.0,sample,7.504,1,A1,4.5386,DAY11
20190804,14,Sev.7.0,sample,6.794,1,A1,4.5386,DAY11
20190804,NA,Sev.7.0,Blank,NA,1,A2,4.8022,DAY11
20190804,3,Mod.7.3,sample,7.918,1,A3,4.408,DAY11
20190804,3,Mod.7.3,sample,6.805,1,A3,4.408,DAY11
20190804,3,Mod.7.3,sample,8.118,1,A3,4.408,DAY11
20190804,25,Amb.7.8,sample,6.509,1,A4,4.6192,DAY11
20190804,25,Amb.7.8,sample,6.718,1,A4,4.6192,DAY11
20190804,25,Amb.7.8,sample,7.432,1,A4,4.6192,DAY11
20190804,18,Sev.7.0,sample,7.126,1,A5,4.5104,DAY11
20190804,18,Sev.7.0,sample,6.685,1,A5,4.5104,DAY11
20190804,18,Sev.7.0,sample,7.153,1,A5,4.5104,DAY11
20190804,6,Mod.7.3,sample,8.297,1,A6,4.5666,DAY11
20190804,6,Mod.7.3,sample,7.748,1,A6,4.5666,DAY11
20190804,6,Mod.7.3,sample,6.821,1,A6,4.5666,DAY11
20190804,1,Mod.7.3,sample,7.339,1,B1,4.432,DAY11
20190804,1,Mod.7.3,sample,6.794,1,B1,4.432,DAY11
20190804,1,Mod.7.3,sample,8.583,1,B1,4.432,DAY11
20190804,27,Amb.7.8,sample,6.508,1,B2,4.5083,DAY11
20190804,27,Amb.7.8,sample,8.346,1,B2,4.5083,DAY11
20190804,27,Amb.7.8,sample,7.054,1,B2,4.5083,DAY11
20190804,NA,Mod.7.3,Blank,NA,1,B3,4.8789,DAY11
20190804,2,Mod.7.3,sample,8.507,1,B4,4.5178,DAY11
20190804,2,Mod.7.3,sample,7.555,1,B4,4.5178,DAY11
20190804,2,Mod.7.3,sample,7.998,1,B4,4.5178,DAY11
20190804,30,Amb.7.8,sample,9.088,1,B5,4.552,DAY11
20190804,30,Amb.7.8,sample,9.453,1,B5,4.552,DAY11
20190804,30,Amb.7.8,sample,6.755,1,B5,4.552,DAY11
20190804,5,Mod.7.3,sample,6.472,1,B6,4.6627,DAY11
20190804,5,Mod.7.3,sample,7.784,1,B6,4.6627,DAY11
20190804,5,Mod.7.3,sample,7.509,1,B6,4.6627,DAY11
20190804,28,Amb.7.8,sample,7.212,1,C1,4.4666,DAY11
20190804,28,Amb.7.8,sample,6.317,1,C1,4.4666,DAY11
20190804,28,Amb.7.8,sample,7.834,1,C1,4.4666,DAY11
20190804,17,Sev.7.0,sample,8.252,1,C2,4.4854,DAY11
20190804,17,Sev.7.0,sample,8.208,1,C2,4.4854,DAY11
20190804,17,Sev.7.0,sample,6.362,1,C2,4.4854,DAY11
20190804,NA,Amb.7.8,Blank,NA,1,C3,4.9273,DAY11
20190804,NA,Amb.7.8,Blank,NA,1,C4,4.9642,DAY11
20190804,13,Sev.7.0,sample,7.479,1,C5,4.4648,DAY11
20190804,13,Sev.7.0,sample,7.025,1,C5,4.4648,DAY11
20190804,13,Sev.7.0,sample,8.515,1,C5,4.4648,DAY11
20190804,NA,Sev.7.0,Blank,NA,1,C6,4.904,DAY11
20190804,NA,Mod.7.3,Blank,NA,1,D1,4.9078,DAY11
20190804,16,Sev.7.0,sample,7.327,1,D2,4.6441,DAY11
20190804,16,Sev.7.0,sample,6.468,1,D2,4.6441,DAY11
20190804,16,Sev.7.0,sample,6.845,1,D2,4.6441,DAY11
20190804,4,Mod.7.3,sample,7.336,1,D3,4.6174,DAY11
20190804,4,Mod.7.3,sample,7.921,1,D3,4.6174,DAY11
20190804,4,Mod.7.3,sample,7.296,1,D3,4.6174,DAY11
20190804,29,Amb.7.8,sample,10.551,1,D4,4.3199,DAY11
20190804,29,Amb.7.8,sample,8.318,1,D4,4.3199,DAY11
20190804,29,Amb.7.8,sample,7.873,1,D4,4.3199,DAY11
20190804,15,Sev.7.0,sample,8.15,1,D5,4.5204,DAY11
20190804,15,Sev.7.0,sample,6.561,1,D5,4.5204,DAY11
20190804,15,Sev.7.0,sample,7.187,1,D5,4.5204,DAY11
20190804,26,Amb.7.8,sample,7.014,1,D6,4.4787,DAY11
20190804,26,Amb.7.8,sample,7.397,1,D6,4.4787,DAY11
20190804,26,Amb.7.8,sample,8.603,1,D6,4.4787,DAY11
20190804,7,Mod.7.3,sample,7.778,2,A1,4.4643,DAY11
20190804,7,Mod.7.3,sample,6.927,2,A1,4.4643,DAY11
20190804,7,Mod.7.3,sample,8.548,2,A1,4.4643,DAY11
20190804,20,Sev.7.0,sample,6.935,2,A2,4.5252,DAY11
20190804,20,Sev.7.0,sample,7.776,2,A2,4.5252,DAY11
20190804,20,Sev.7.0,sample,7.727,2,A2,4.5252,DAY11
20190804,NA,Mod.7.3,Blank,NA,2,A3,4.9303,DAY11
20190804,31,Amb.7.8,sample,6.45,2,A4,4.4846,DAY11
20190804,31,Amb.7.8,sample,8.481,2,A4,4.4846,DAY11
20190804,31,Amb.7.8,sample,7.134,2,A4,4.4846,DAY11
20190804,11,Mod.7.3,sample,7.45,2,A5,4.6321,DAY11
20190804,11,Mod.7.3,sample,8.349,2,A5,4.6321,DAY11
20190804,11,Mod.7.3,sample,6.505,2,A5,4.6321,DAY11
20190804,22,Sev.7.0,sample,6.014,2,A6,4.6053,DAY11
20190804,22,Sev.7.0,sample,7.177,2,A6,4.6053,DAY11
20190804,22,Sev.7.0,sample,7.715,2,A6,4.6053,DAY11
20190804,9,Mod.7.3,sample,8.973,2,B1,4.4776,DAY11
20190804,9,Mod.7.3,sample,6.646,2,B1,4.4776,DAY11
20190804,9,Mod.7.3,sample,7.594,2,B1,4.4776,DAY11
20190804,NA,Amb.7.8,Blank,NA,2,B2,4.9067,DAY11
20190804,32,Amb.7.8,sample,6.62,2,B3,4.5517,DAY11
20190804,32,Amb.7.8,sample,7.936,2,B3,4.5517,DAY11
20190804,32,Amb.7.8,sample,8.51,2,B3,4.5517,DAY11
20190804,8,Mod.7.3,sample,6.534,2,B4,4.4768,DAY11
20190804,8,Mod.7.3,sample,7.114,2,B4,4.4768,DAY11
20190804,8,Mod.7.3,sample,8.062,2,B4,4.4768,DAY11
20190804,35,Amb.7.8,sample,7.441,2,B5,4.433,DAY11
20190804,35,Amb.7.8,sample,7.826,2,B5,4.433,DAY11
20190804,35,Amb.7.8,sample,7.814,2,B5,4.433,DAY11
20190804,24,Sev.7.0,sample,6.722,2,B6,4.5197,DAY11
20190804,24,Sev.7.0,sample,7.865,2,B6,4.5197,DAY11
20190804,24,Sev.7.0,sample,9.286,2,B6,4.5197,DAY11
20190804,NA,Mod.7.3,Blank,NA,2,C1,4.9351,DAY11
20190804,10,Mod.7.3,sample,9.539,2,C2,4.1608,DAY11
20190804,10,Mod.7.3,sample,6.354,2,C2,4.1608,DAY11
20190804,10,Mod.7.3,sample,8.771,2,C2,4.1608,DAY11
20190804,34,Amb.7.8,sample,7.567,2,C3,4.4773,DAY11
20190804,34,Amb.7.8,sample,8.494,2,C3,4.4773,DAY11
20190804,34,Amb.7.8,sample,7.193,2,C3,4.4773,DAY11
20190804,23,Sev.7.0,sample,7.593,2,C4,4.6422,DAY11
20190804,23,Sev.7.0,sample,7.994,2,C4,4.6422,DAY11
20190804,23,Sev.7.0,sample,7.134,2,C4,4.6422,DAY11
20190804,NA,Amb.7.8,Blank,NA,2,C5,4.8815,DAY11
20190804,21,Sev.7.0,sample,6.753,2,C6,4.6132,DAY11
20190804,21,Sev.7.0,sample,7.884,2,C6,4.6132,DAY11
20190804,21,Sev.7.0,sample,7.171,2,C6,4.6132,DAY11
20190804,19,Sev.7.0,sample,7.411,2,D1,4.4767,DAY11
20190804,19,Sev.7.0,sample,9.736,2,D1,4.4767,DAY11
20190804,19,Sev.7.0,sample,7.067,2,D1,4.4767,DAY11
20190804,NA,Sev.7.0,Blank,NA,2,D2,4.9356,DAY11
20190804,36,Amb.7.8,sample,8.8,2,D3,4.5962,DAY11
20190804,36,Amb.7.8,sample,7.849,2,D3,4.5962,DAY11
20190804,36,Amb.7.8,sample,7.171,2,D3,4.5962,DAY11
20190804,NA,Sev.7.0,Blank,NA,2,D4,4.9402,DAY11
20190804,12,Mod.7.3,sample,7.686,2,D5,4.6034,DAY11
20190804,12,Mod.7.3,sample,7.287,2,D5,4.6034,DAY11
20190804,12,Mod.7.3,sample,7.358,2,D5,4.6034,DAY11
20190804,33,Amb.7.8,sample,6.692,2,D6,4.3814,DAY11
20190804,33,Amb.7.8,sample,7.887,2,D6,4.3814,DAY11
20190804,33,Amb.7.8,sample,7.306,2,D6,4.3814,DAY11
